primary_label,type,latitude,longitude,rating,filename,duration,country,continent,filename_npy
comsan,call,50.7542,4.5672,4.0,comsan/XC587730.ogg,5.7469375,BE,EUROPE,comsan/XC587730.npy
eaywag1,call,69.3585,88.2378,3.0,eaywag1/XC675944.ogg,5.355,RU,EUROPE,eaywag1/XC675944.npy
comsan,call,41.1698,0.9761,5.0,comsan/XC664012.ogg,10.488,ES,EUROPE,comsan/XC664012.npy
barswa,call,,,2.5,barswa/XC268804.ogg,76.5388125,UNKNOWN,UNKNOWN,barswa/XC268804.npy
barswa,song,53.9299,-2.9833,2.5,barswa/XC690498.ogg,83.0955,GB,EUROPE,barswa/XC690498.npy
barswa,both,19.2561,-103.6886,5.0,barswa/XC317544.ogg,28.7085625,MX,AMERICAS,barswa/XC317544.npy
comsan,call,63.8313,20.2607,5.0,comsan/XC430800.ogg,8.616,SE,EUROPE,comsan/XC430800.npy
barswa,song,51.6433,105.5224,3.0,barswa/XC458638.ogg,6.216,RU,EUROPE,barswa/XC458638.npy
comsan,call,60.2601,-1.2881,4.0,comsan/XC652588.ogg,13.8971875,GB,EUROPE,comsan/XC652588.npy
barswa,song,28.3686,-108.9283,3.5,barswa/XC337983.ogg,135.0530625,MX,AMERICAS,barswa/XC337983.npy
barswa,call,13.8687,-87.2342,2.0,barswa/XC625824.ogg,38.295,HN,AMERICAS,barswa/XC625824.npy
barswa,call,28.6712,-81.592,5.0,barswa/XC452058.ogg,23.28,US,AMERICAS,barswa/XC452058.npy
comsan,call,53.9299,-2.9833,2.5,comsan/XC501617.ogg,105.32575,GB,EUROPE,comsan/XC501617.npy
comsan,call,51.056,-1.322,4.0,comsan/XC588935.ogg,5.592,GB,EUROPE,comsan/XC588935.npy
barswa,call,45.0852,18.1252,5.0,barswa/XC667239.ogg,39.314,BA,EUROPE,barswa/XC667239.npy
barswa,both,35.062,-85.166,4.0,barswa/XC135474.ogg,13.27025,US,AMERICAS,barswa/XC135474.npy
barswa,call,44.4246,8.8025,3.5,barswa/XC662037.ogg,22.778,IT,EUROPE,barswa/XC662037.npy
barswa,call,52.2183,0.1441,4.0,barswa/XC472363.ogg,6.024,GB,EUROPE,barswa/XC472363.npy
comsan,call,49.5913,10.9708,4.0,comsan/XC672721.ogg,7.235,DE,EUROPE,comsan/XC672721.npy
barswa,call,63.8986,19.8494,4.0,barswa/XC422186.ogg,19.656,SE,EUROPE,barswa/XC422186.npy
comsan,call,41.2243,1.7254,4.0,comsan/XC628409.ogg,6.06,ES,EUROPE,comsan/XC628409.npy
eaywag1,call,51.4812,-9.7785,4.0,eaywag1/XC687220.ogg,64.47,IE,EUROPE,eaywag1/XC687220.npy
barswa,blank,53.7572,9.3777,3.0,barswa/XC746604.ogg,7.079,DE,EUROPE,barswa/XC746604.npy
comsan,call,50.1191,18.9721,4.0,comsan/XC582935.ogg,6.624,PL,EUROPE,comsan/XC582935.npy
barswa,both,52.8858,23.8293,4.0,barswa/XC664997.ogg,109.139625,PL,EUROPE,barswa/XC664997.npy
comsan,call,48.0372,-4.8622,4.0,comsan/XC678534.ogg,34.978,FR,EUROPE,comsan/XC678534.npy
comsan,call,48.459,-5.1292,4.0,comsan/XC584477.ogg,110.994,FR,EUROPE,comsan/XC584477.npy
barswa,song,44.0635,1.9515,4.0,barswa/XC644162.ogg,18.072,FR,EUROPE,barswa/XC644162.npy
comsan,call,40.7751,0.7213,2.5,comsan/XC605377.ogg,11.664,ES,EUROPE,comsan/XC605377.npy
comsan,call,52.0149,5.0378,2.0,comsan/XC676382.ogg,21.368,NL,EUROPE,comsan/XC676382.npy
barswa,call,50.1191,18.9721,4.0,barswa/XC488933.ogg,17.6588125,PL,EUROPE,barswa/XC488933.npy
eaywag1,blank,60.2357,25.0058,4.0,eaywag1/XC744735.ogg,21.002,FI,EUROPE,eaywag1/XC744735.npy
eaywag1,call,62.5896,10.5599,5.0,eaywag1/XC140811.ogg,101.592,NO,EUROPE,eaywag1/XC140811.npy
comsan,call,53.9299,-2.9833,2.0,comsan/XC524728.ogg,28.604125,GB,EUROPE,comsan/XC524728.npy
barswa,call,55.2375,47.6393,4.0,barswa/XC494922.ogg,10.422875,RU,EUROPE,barswa/XC494922.npy
barswa,call,,,3.5,barswa/XC248034.ogg,24.48,UNKNOWN,UNKNOWN,barswa/XC248034.npy
eaywag1,call,71.964,102.4406,4.0,eaywag1/XC675540.ogg,7.758,RU,EUROPE,eaywag1/XC675540.npy
barswa,call,41.2243,1.7254,5.0,barswa/XC672572.ogg,11.807,ES,EUROPE,barswa/XC672572.npy
barswa,song,52.7294,-0.5406,4.0,barswa/XC580258.ogg,19.539625,GB,EUROPE,barswa/XC580258.npy
comsan,call,43.7412,-7.867,5.0,comsan/XC651714.ogg,12.094,ES,EUROPE,comsan/XC651714.npy
comsan,call,43.417,-0.4582,4.0,comsan/XC146703.ogg,11.1543125,FR,EUROPE,comsan/XC146703.npy
barswa,call,41.1331,0.9516,4.0,barswa/XC580816.ogg,40.96,ES,EUROPE,barswa/XC580816.npy
comsan,call,63.8344,20.1259,4.5,comsan/XC377716.ogg,44.747,SE,EUROPE,comsan/XC377716.npy
eaywag1,call,41.4875,2.3653,4.0,eaywag1/XC673193.ogg,9.195125,ES,EUROPE,eaywag1/XC673193.npy
comsan,call,48.0372,-4.8622,4.0,comsan/XC588565.ogg,93.1004375,FR,EUROPE,comsan/XC588565.npy
barswa,song,53.9299,-2.9833,2.5,barswa/XC690492.ogg,25.1036875,GB,EUROPE,barswa/XC690492.npy
barswa,call,,,3.5,barswa/XC192547.ogg,22.8,UNKNOWN,UNKNOWN,barswa/XC192547.npy
comsan,call,60.2357,25.0058,0.0,comsan/XC560323.ogg,17.423,FI,EUROPE,comsan/XC560323.npy
comsan,blank,45.3117,4.7915,4.0,comsan/XC738113.ogg,11.772,FR,EUROPE,comsan/XC738113.npy
comsan,blank,49.1144,-0.4023,5.0,comsan/XC743776.ogg,11.415,FR,EUROPE,comsan/XC743776.npy
comsan,call,50.7193,3.2228,2.0,comsan/XC556781.ogg,9.6653125,BE,EUROPE,comsan/XC556781.npy
barswa,blank,64.4424,26.7783,3.5,barswa/XC737674.ogg,16.512,FI,EUROPE,barswa/XC737674.npy
barswa,call,,,3.5,barswa/XC248033.ogg,16.728,UNKNOWN,UNKNOWN,barswa/XC248033.npy
comsan,call,52.0567,1.1482,3.0,comsan/XC588799.ogg,6.922,GB,EUROPE,comsan/XC588799.npy
barswa,both,36.4172,-6.1459,4.0,barswa/XC361737.ogg,47.62125,ES,EUROPE,barswa/XC361737.npy
barswa,song,41.3751,2.0919,2.5,barswa/XC324914.ogg,239.333875,ES,EUROPE,barswa/XC324914.npy
eaywag1,call,45.1563,82.614,4.0,eaywag1/XC616913.ogg,13.8506875,CN,ASIA,eaywag1/XC616913.npy
comsan,call,42.3285,2.5512,3.0,comsan/XC597502.ogg,9.378,ES,EUROPE,comsan/XC597502.npy
barswa,song,46.8196,1.2129,4.5,barswa/XC644922.ogg,38.784,FR,EUROPE,barswa/XC644922.npy
comsan,call,69.5667,18.6001,5.0,comsan/XC443741.ogg,23.664,NO,EUROPE,comsan/XC443741.npy
comsan,call,36.0151,-5.6004,4.0,comsan/XC552955.ogg,47.688,ES,EUROPE,comsan/XC552955.npy
eaywag1,call,36.8149,-6.3366,4.0,eaywag1/XC334150.ogg,9.6130625,ES,EUROPE,eaywag1/XC334150.npy
comsan,call,39.3544,-0.3164,5.0,comsan/XC619377.ogg,9.195125,ES,EUROPE,comsan/XC619377.npy
comsan,call,51.4812,-9.7785,2.0,comsan/XC686332.ogg,12.016,IE,EUROPE,comsan/XC686332.npy
comsan,call,51.589,6.1757,4.0,comsan/XC643995.ogg,5.041,DE,EUROPE,comsan/XC643995.npy
barswa,call,37.3629,-5.2286,3.0,barswa/XC312064.ogg,16.3788125,ES,EUROPE,barswa/XC312064.npy
comsan,call,51.5579,17.509,4.0,comsan/XC492893.ogg,11.755,PL,EUROPE,comsan/XC492893.npy
comsan,call,43.7412,-7.867,4.0,comsan/XC633141.ogg,9.22125,ES,EUROPE,comsan/XC633141.npy
comsan,call,51.8852,-10.3605,5.0,comsan/XC663987.ogg,36.127,IE,EUROPE,comsan/XC663987.npy
eaywag1,blank,50.6043,-1.189,2.0,eaywag1/XC748189.ogg,27.689,GB,EUROPE,eaywag1/XC748189.npy
eaywag1,call,69.3253,87.3168,4.0,eaywag1/XC675509.ogg,11.859,RU,EUROPE,eaywag1/XC675509.npy
barswa,call,37.1379,-7.6303,4.5,barswa/XC639318.ogg,16.344,PT,EUROPE,barswa/XC639318.npy
barswa,call,56.3174,16.4936,5.0,barswa/XC511681.ogg,118.92,SE,EUROPE,barswa/XC511681.npy
comsan,both,60.313,5.4033,3.5,comsan/XC645957.ogg,32.862,NO,EUROPE,comsan/XC645957.npy
barswa,both,37.1538,-7.6735,4.0,barswa/XC667124.ogg,11.16,PT,EUROPE,barswa/XC667124.npy
eaywag1,call,55.3372,50.0249,4.0,eaywag1/XC316623.ogg,13.087375,RU,EUROPE,eaywag1/XC316623.npy
eaywag1,call,36.8149,-6.3366,4.0,eaywag1/XC334152.ogg,12.982875,ES,EUROPE,eaywag1/XC334152.npy
eaywag1,call,58.78,23.6793,2.5,eaywag1/XC656572.ogg,87.984,EE,EUROPE,eaywag1/XC656572.npy
eaywag1,call,51.4812,-9.7785,3.0,eaywag1/XC687206.ogg,152.633,IE,EUROPE,eaywag1/XC687206.npy
barswa,song,45.3675,-73.8566,3.0,barswa/XC132406.ogg,10.7885625,CA,AMERICAS,barswa/XC132406.npy
comsan,call,20.623,58.8687,4.0,comsan/XC199121.ogg,33.43675,OM,ASIA,comsan/XC199121.npy
barswa,song,,,5.0,barswa/XC191025.ogg,8.568,UNKNOWN,UNKNOWN,barswa/XC191025.npy
eaywag1,blank,64.7528,26.7513,3.5,eaywag1/XC747586.ogg,85.128,FI,EUROPE,eaywag1/XC747586.npy
barswa,song,51.6433,105.5224,3.0,barswa/XC458633.ogg,22.656,RU,EUROPE,barswa/XC458633.npy
eaywag1,call,67.4613,78.7087,3.0,eaywag1/XC675724.ogg,18.259,RU,EUROPE,eaywag1/XC675724.npy
comsan,call,50.1191,18.9721,5.0,comsan/XC646310.ogg,7.9935,PL,EUROPE,comsan/XC646310.npy
eaywag1,call,53.9299,-2.9833,3.5,eaywag1/XC530536.ogg,27.298,GB,EUROPE,eaywag1/XC530536.npy
barswa,call,51.915,16.848,3.5,barswa/XC589948.ogg,47.0988125,PL,EUROPE,barswa/XC589948.npy
barswa,song,51.9534,-3.8271,4.0,barswa/XC421348.ogg,31.3469375,GB,EUROPE,barswa/XC421348.npy
eaywag1,call,52.2304,13.8362,4.5,eaywag1/XC264281.ogg,19.173875,DE,EUROPE,eaywag1/XC264281.npy
eaywag1,song,69.3585,88.2378,3.0,eaywag1/XC675980.ogg,20.375,RU,EUROPE,eaywag1/XC675980.npy
barswa,song,42.1533,44.7002,4.5,barswa/XC482761.ogg,94.3804375,GE,ASIA,barswa/XC482761.npy
barswa,call,53.2754,5.8399,3.0,barswa/XC489288.ogg,5.27675,NL,EUROPE,barswa/XC489288.npy
eaywag1,call,48.5069,4.2237,4.0,eaywag1/XC586858.ogg,7.549,FR,EUROPE,eaywag1/XC586858.npy
eaywag1,blank,45.7227,15.977,4.5,eaywag1/XC718146.ogg,47.333,HR,EUROPE,eaywag1/XC718146.npy
eaywag1,blank,51.0783,4.2433,4.0,eaywag1/XC735783.ogg,7.896,BE,EUROPE,eaywag1/XC735783.npy
barswa,call,53.9299,-2.9833,3.0,barswa/XC690506.ogg,90.044125,GB,EUROPE,barswa/XC690506.npy
eaywag1,call,51.402,4.444,0.0,eaywag1/XC467878.ogg,6.582,BE,EUROPE,eaywag1/XC467878.npy
barswa,both,36.4172,-6.1459,4.0,barswa/XC361236.ogg,17.4236875,ES,EUROPE,barswa/XC361236.npy
eaywag1,call,69.3253,87.3168,4.0,eaywag1/XC675935.ogg,16.666,RU,EUROPE,eaywag1/XC675935.npy
comsan,call,58.7396,17.8657,5.0,comsan/XC660045.ogg,13.488,SE,EUROPE,comsan/XC660045.npy
comsan,call,55.0194,82.8918,5.0,comsan/XC148834.ogg,27.9249375,RU,EUROPE,comsan/XC148834.npy
barswa,both,53.9299,-2.9833,1.5,barswa/XC690502.ogg,49.3975625,GB,EUROPE,barswa/XC690502.npy
barswa,song,27.5288,-107.8318,4.5,barswa/XC337979.ogg,202.7624375,MX,AMERICAS,barswa/XC337979.npy
eaywag1,call,53.9299,-2.9833,3.5,eaywag1/XC530535.ogg,32.8098125,GB,EUROPE,eaywag1/XC530535.npy
eaywag1,song,53.0616,11.4643,5.0,eaywag1/XC315957.ogg,27.648,DE,EUROPE,eaywag1/XC315957.npy
barswa,both,58.7542,23.8439,5.0,barswa/XC575747.ogg,36.12,EE,EUROPE,barswa/XC575747.npy
barswa,song,42.9037,13.9077,4.0,barswa/XC642687.ogg,29.04,IT,EUROPE,barswa/XC642687.npy
eaywag1,call,34.7062,32.5282,5.0,eaywag1/XC650343.ogg,8.2808125,CY,ASIA,eaywag1/XC650343.npy
barswa,song,53.9299,-2.9833,2.5,barswa/XC690496.ogg,15.0988125,GB,EUROPE,barswa/XC690496.npy
eaywag1,call,41.9919,1.5099,3.5,eaywag1/XC588169.ogg,36.984,ES,EUROPE,eaywag1/XC588169.npy
barswa,song,58.7694,23.899,5.0,barswa/XC651329.ogg,25.032,EE,EUROPE,barswa/XC651329.npy
comsan,song,38.827,-8.9451,2.5,comsan/XC667851.ogg,8.376,PT,EUROPE,comsan/XC667851.npy
eaywag1,call,52.3088,-1.3115,2.0,eaywag1/XC566528.ogg,5.485,GB,EUROPE,eaywag1/XC566528.npy
barswa,call,19.2405,-99.4966,4.0,barswa/XC253349.ogg,5.093875,MX,AMERICAS,barswa/XC253349.npy
barswa,call,51.6433,105.5224,3.0,barswa/XC454814.ogg,7.992,RU,EUROPE,barswa/XC454814.npy
barswa,call,50.1191,18.9721,3.0,barswa/XC545986.ogg,11.736,PL,EUROPE,barswa/XC545986.npy
comsan,call,51.3532,-0.1461,2.0,comsan/XC574127.ogg,17.371,GB,EUROPE,comsan/XC574127.npy
barswa,call,48.3447,10.9154,3.0,barswa/XC182025.ogg,21.192,DE,EUROPE,barswa/XC182025.npy
eaywag1,song,36.8149,-6.3366,4.0,eaywag1/XC334133.ogg,23.8498125,ES,EUROPE,eaywag1/XC334133.npy
eaywag1,call,57.0859,10.024,3.0,eaywag1/XC177709.ogg,7.0008125,DK,EUROPE,eaywag1/XC177709.npy
comsan,blank,53.5971,-6.3923,4.0,comsan/XC699920.ogg,11.023,IE,EUROPE,comsan/XC699920.npy
comsan,call,56.002,47.291,4.0,comsan/XC199227.ogg,11.46775,RU,EUROPE,comsan/XC199227.npy
eaywag1,call,63.501,19.4221,3.5,eaywag1/XC615532.ogg,20.192,SE,EUROPE,eaywag1/XC615532.npy
barswa,call,49.8699,127.6447,4.0,barswa/XC339819.ogg,8.80325,RU,EUROPE,barswa/XC339819.npy
eaywag1,call,45.135,18.3328,5.0,eaywag1/XC670482.ogg,7.0,HR,EUROPE,eaywag1/XC670482.npy
barswa,call,31.5718,-111.5061,3.5,barswa/XC253981.ogg,39.0791875,US,AMERICAS,barswa/XC253981.npy
barswa,call,55.0759,47.7804,4.0,barswa/XC190143.ogg,9.6130625,RU,EUROPE,barswa/XC190143.npy
comsan,call,57.0161,-6.2787,4.5,comsan/XC665513.ogg,25.68,GB,EUROPE,comsan/XC665513.npy
barswa,call,40.209,-105.2858,3.5,barswa/XC665815.ogg,28.42125,US,AMERICAS,barswa/XC665815.npy
eaywag1,call,45.8271,1.293,5.0,eaywag1/XC675362.ogg,12.888,FR,EUROPE,eaywag1/XC675362.npy
comsan,both,52.3527,20.9197,5.0,comsan/XC129378.ogg,11.36325,PL,EUROPE,comsan/XC129378.npy
eaywag1,call,29.8851,35.0638,3.0,eaywag1/XC322603.ogg,159.192,IL,ASIA,eaywag1/XC322603.npy
eaywag1,call,46.925,9.9077,3.0,eaywag1/XC673590.ogg,9.378,AT,EUROPE,eaywag1/XC673590.npy
eaywag1,both,43.8335,87.5906,4.0,eaywag1/XC616924.ogg,44.088,CN,ASIA,eaywag1/XC616924.npy
eaywag1,call,53.9299,-2.9833,2.5,eaywag1/XC507677.ogg,17.3975625,GB,EUROPE,eaywag1/XC507677.npy
barswa,blank,51.7199,5.9271,4.5,barswa/XC744925.ogg,19.618,NL,EUROPE,barswa/XC744925.npy
barswa,song,58.4213,26.2352,4.5,barswa/XC653437.ogg,34.704,EE,EUROPE,barswa/XC653437.npy
barswa,song,51.6433,105.5224,2.0,barswa/XC458631.ogg,16.272,RU,EUROPE,barswa/XC458631.npy
barswa,call,46.925,9.9077,3.0,barswa/XC673594.ogg,13.6620625,AT,EUROPE,barswa/XC673594.npy
eaywag1,song,62.5896,10.5599,2.5,eaywag1/XC323672.ogg,80.496,NO,EUROPE,eaywag1/XC323672.npy
comsan,blank,37.0218,-8.0121,5.0,comsan/XC750323.ogg,16.352,PT,EUROPE,comsan/XC750323.npy
comsan,call,41.0992,1.1604,3.0,comsan/XC582081.ogg,45.139,ES,EUROPE,comsan/XC582081.npy
eaywag1,call,63.1838,75.391,4.0,eaywag1/XC430899.ogg,11.0498125,RU,EUROPE,eaywag1/XC430899.npy
eaywag1,both,43.8335,87.5906,4.0,eaywag1/XC616926.ogg,186.72,CN,ASIA,eaywag1/XC616926.npy
comsan,call,44.7973,-0.6094,4.0,comsan/XC668678.ogg,8.829,FR,EUROPE,comsan/XC668678.npy
comsan,call,52.0612,5.371,2.0,comsan/XC429318.ogg,23.976,NL,EUROPE,comsan/XC429318.npy
comsan,call,46.3044,-1.293,3.0,comsan/XC671980.ogg,40.104,FR,EUROPE,comsan/XC671980.npy
eaywag1,call,21.0643,75.7859,4.0,eaywag1/XC345152.ogg,33.384,IN,ASIA,eaywag1/XC345152.npy
comsan,call,43.7412,-7.867,3.0,comsan/XC644274.ogg,25.809,ES,EUROPE,comsan/XC644274.npy
barswa,call,,,5.0,barswa/XC191024.ogg,16.104,UNKNOWN,UNKNOWN,barswa/XC191024.npy
barswa,blank,51.9151,16.848,4.0,barswa/XC741809.ogg,45.008,PL,EUROPE,barswa/XC741809.npy
eaywag1,call,49.634,26.2213,1.5,eaywag1/XC322705.ogg,30.264,UA,EUROPE,eaywag1/XC322705.npy
barswa,call,34.9015,33.2369,4.5,barswa/XC330211.ogg,25.2865625,CY,ASIA,barswa/XC330211.npy
eaywag1,call,53.9299,-2.9833,2.5,eaywag1/XC507667.ogg,19.7746875,GB,EUROPE,eaywag1/XC507667.npy
eaywag1,song,49.634,26.2213,4.5,eaywag1/XC469561.ogg,45.408,UA,EUROPE,eaywag1/XC469561.npy
comsan,call,51.7199,5.9271,4.0,comsan/XC432713.ogg,6.0081875,NL,EUROPE,comsan/XC432713.npy
eaywag1,call,50.6639,69.9726,3.5,eaywag1/XC145084.ogg,10.60575,KZ,ASIA,eaywag1/XC145084.npy
comsan,call,51.4522,-9.8189,3.0,comsan/XC667862.ogg,78.654,IE,EUROPE,comsan/XC667862.npy
eaywag1,call,48.8659,1.9428,3.0,eaywag1/XC672892.ogg,11.136,FR,EUROPE,eaywag1/XC672892.npy
eaywag1,call,41.2243,1.7254,4.5,eaywag1/XC672573.ogg,38.034,ES,EUROPE,eaywag1/XC672573.npy
eaywag1,call,69.3253,87.3168,3.5,eaywag1/XC675506.ogg,43.833,RU,EUROPE,eaywag1/XC675506.npy
comsan,call,39.4709,-8.0205,3.5,comsan/XC624401.ogg,15.36,PT,EUROPE,comsan/XC624401.npy
eaywag1,call,43.5352,-1.4475,4.5,eaywag1/XC584658.ogg,49.24,FR,EUROPE,eaywag1/XC584658.npy
comsan,call,36.8149,-6.3366,4.0,comsan/XC338756.ogg,21.969,ES,EUROPE,comsan/XC338756.npy
eaywag1,call,37.1357,-7.6138,4.5,eaywag1/XC630733.ogg,77.52,PT,EUROPE,eaywag1/XC630733.npy
barswa,call,50.1191,18.9721,3.0,barswa/XC481810.ogg,13.6359375,PL,EUROPE,barswa/XC481810.npy
barswa,call,35.0297,-120.6221,4.0,barswa/XC585510.ogg,89.832,US,AMERICAS,barswa/XC585510.npy
eaywag1,call,67.6774,67.9779,5.0,eaywag1/XC268469.ogg,22.3085625,RU,EUROPE,eaywag1/XC268469.npy
barswa,call,58.5693,23.1677,2.5,barswa/XC576542.ogg,12.564,EE,EUROPE,barswa/XC576542.npy
eaywag1,call,67.4613,78.7087,3.0,eaywag1/XC675739.ogg,80.3,RU,EUROPE,eaywag1/XC675739.npy
eaywag1,call,52.8928,20.6712,3.5,eaywag1/XC151525.ogg,42.528,PL,EUROPE,eaywag1/XC151525.npy
barswa,blank,44.5305,6.2619,5.0,barswa/XC741978.ogg,56.659625,FR,EUROPE,barswa/XC741978.npy
eaywag1,call,66.5187,66.6791,3.0,eaywag1/XC675589.ogg,6.164,RU,EUROPE,eaywag1/XC675589.npy
comsan,blank,56.6346,9.7837,3.0,comsan/XC747335.ogg,5.041,DK,EUROPE,comsan/XC747335.npy
eaywag1,blank,40.7958,-5.5326,5.0,eaywag1/XC739004.ogg,40.306,ES,EUROPE,eaywag1/XC739004.npy
eaywag1,both,66.0665,16.2398,4.5,eaywag1/XC660559.ogg,29.688,SE,EUROPE,eaywag1/XC660559.npy
barswa,song,52.2415,1.6225,5.0,barswa/XC370786.ogg,14.016,GB,EUROPE,barswa/XC370786.npy
comsan,call,43.5352,-1.4475,4.5,comsan/XC580687.ogg,59.82,FR,EUROPE,comsan/XC580687.npy
comsan,call,42.5042,2.0681,4.0,comsan/XC681863.ogg,9.024,FR,EUROPE,comsan/XC681863.npy
eaywag1,call,53.9299,-2.9833,2.5,eaywag1/XC530539.ogg,30.66775,GB,EUROPE,eaywag1/XC530539.npy
comsan,call,54.2386,-0.4196,4.0,comsan/XC636686.ogg,6.347,GB,EUROPE,comsan/XC636686.npy
comsan,call,44.7973,-0.6094,3.0,comsan/XC668435.ogg,9.816,FR,EUROPE,comsan/XC668435.npy
eaywag1,call,51.4812,-9.7785,4.0,eaywag1/XC687216.ogg,28.212,IE,EUROPE,eaywag1/XC687216.npy
comsan,call,39.4715,64.5245,4.0,comsan/XC185084.ogg,18.5730625,UZ,ASIA,comsan/XC185084.npy
barswa,blank,63.5988,20.7618,5.0,barswa/XC727116.ogg,9.936,SE,EUROPE,barswa/XC727116.npy
comsan,call,53.1091,17.1755,3.0,comsan/XC493565.ogg,34.128,PL,EUROPE,comsan/XC493565.npy
eaywag1,blank,63.873,20.1482,5.0,eaywag1/XC745680.ogg,17.24,SE,EUROPE,eaywag1/XC745680.npy
barswa,blank,51.0832,4.2684,4.0,barswa/XC734915.ogg,5.184,BE,EUROPE,barswa/XC734915.npy
barswa,call,46.9294,7.4663,3.5,barswa/XC382657.ogg,36.5191875,CH,EUROPE,barswa/XC382657.npy
comsan,call,51.348,23.051,5.0,comsan/XC187104.ogg,82.656,PL,EUROPE,comsan/XC187104.npy
comsan,song,58.4439,14.4687,5.0,comsan/XC27064.ogg,26.4881875,SE,EUROPE,comsan/XC27064.npy
barswa,call,36.7795,-5.1192,4.0,barswa/XC573106.ogg,30.1975625,ES,EUROPE,barswa/XC573106.npy
comsan,call,49.2816,-0.206,1.0,comsan/XC548997.ogg,5.9559375,FR,EUROPE,comsan/XC548997.npy
eaywag1,call,49.8506,2.7564,5.0,eaywag1/XC638052.ogg,5.928,FR,EUROPE,eaywag1/XC638052.npy
barswa,call,57.48,-4.1667,1.0,barswa/XC559681.ogg,8.019,GB,EUROPE,barswa/XC559681.npy
eaywag1,blank,36.0306,-5.6201,4.0,eaywag1/XC737649.ogg,12.792,ES,EUROPE,eaywag1/XC737649.npy
barswa,both,19.2561,-103.6886,5.0,barswa/XC317542.ogg,46.9420625,MX,AMERICAS,barswa/XC317542.npy
comsan,song,60.105,24.6282,4.5,comsan/XC371324.ogg,19.728,FI,EUROPE,comsan/XC371324.npy
barswa,song,48.7043,-2.9878,3.0,barswa/XC584275.ogg,24.764,FR,EUROPE,barswa/XC584275.npy
comsan,call,53.5342,8.6032,0.0,comsan/XC574645.ogg,21.002,DE,EUROPE,comsan/XC574645.npy
eaywag1,call,42.965,9.4512,0.0,eaywag1/XC471562.ogg,27.14125,FR,EUROPE,eaywag1/XC471562.npy
eaywag1,song,49.634,26.2213,2.5,eaywag1/XC376350.ogg,30.456,UA,EUROPE,eaywag1/XC376350.npy
eaywag1,call,36.8149,-6.3366,4.0,eaywag1/XC334139.ogg,21.1330625,ES,EUROPE,eaywag1/XC334139.npy
eaywag1,blank,43.3298,4.8364,4.0,eaywag1/XC718472.ogg,14.88,FR,EUROPE,eaywag1/XC718472.npy
barswa,call,41.2243,1.7254,3.0,barswa/XC546866.ogg,6.243,ES,EUROPE,barswa/XC546866.npy
eaywag1,call,48.0372,-4.8622,4.0,eaywag1/XC526829.ogg,6.7135,FR,EUROPE,eaywag1/XC526829.npy
eaywag1,call,43.3919,-5.1829,4.0,eaywag1/XC577324.ogg,95.688,ES,EUROPE,eaywag1/XC577324.npy
comsan,blank,41.1698,0.9761,5.0,comsan/XC755211.ogg,27.072,ES,EUROPE,comsan/XC755211.npy
eaywag1,call,66.5187,66.6791,4.0,eaywag1/XC675593.ogg,17.162,RU,EUROPE,eaywag1/XC675593.npy
barswa,song,35.0307,-120.6205,4.5,barswa/XC129647.ogg,106.728,US,AMERICAS,barswa/XC129647.npy
eaywag1,call,66.5187,66.6791,3.0,eaywag1/XC675584.ogg,6.452,RU,EUROPE,eaywag1/XC675584.npy
eaywag1,call,69.3585,88.2378,4.0,eaywag1/XC675942.ogg,5.903,RU,EUROPE,eaywag1/XC675942.npy
barswa,call,,,4.5,barswa/XC487779.ogg,45.8710625,UNKNOWN,UNKNOWN,barswa/XC487779.npy
comsan,call,51.4522,-9.8189,4.0,comsan/XC667665.ogg,6.556,IE,EUROPE,comsan/XC667665.npy
eaywag1,call,49.634,26.2213,2.5,eaywag1/XC306258.ogg,24.12,UA,EUROPE,eaywag1/XC306258.npy
comsan,call,58.4439,14.4687,5.0,comsan/XC27065.ogg,62.1453125,SE,EUROPE,comsan/XC27065.npy
eaywag1,call,48.8659,1.9428,4.0,eaywag1/XC670755.ogg,8.976,FR,EUROPE,eaywag1/XC670755.npy
comsan,call,65.0667,24.6334,4.5,comsan/XC25127.ogg,81.789375,FI,EUROPE,comsan/XC25127.npy
eaywag1,call,50.5166,70.118,4.0,eaywag1/XC145108.ogg,10.449,KZ,ASIA,eaywag1/XC145108.npy
eaywag1,call,54.4599,56.4502,5.0,eaywag1/XC317465.ogg,22.5698125,RU,EUROPE,eaywag1/XC317465.npy
eaywag1,song,54.9666,46.5573,2.5,eaywag1/XC138886.ogg,54.98775,RU,EUROPE,eaywag1/XC138886.npy
eaywag1,call,51.9133,16.692,3.0,eaywag1/XC672547.ogg,8.2024375,PL,EUROPE,eaywag1/XC672547.npy
eaywag1,blank,42.1923,3.1001,5.0,eaywag1/XC716614.ogg,9.038,ES,EUROPE,eaywag1/XC716614.npy
eaywag1,call,53.5267,22.8439,3.5,eaywag1/XC663197.ogg,10.992,PL,EUROPE,eaywag1/XC663197.npy
barswa,call,51.4522,-9.8189,5.0,barswa/XC666943.ogg,11.885,IE,EUROPE,barswa/XC666943.npy
barswa,call,41.5811,1.8017,5.0,barswa/XC139171.ogg,5.04,ES,EUROPE,barswa/XC139171.npy
comsan,call,48.4549,-5.1297,1.0,comsan/XC526860.ogg,43.52,FR,EUROPE,comsan/XC526860.npy
eaywag1,call,45.4827,10.7809,3.0,eaywag1/XC311707.ogg,21.624,IT,EUROPE,eaywag1/XC311707.npy
eaywag1,blank,45.8257,-0.649,4.0,eaywag1/XC714229.ogg,23.832,FR,EUROPE,eaywag1/XC714229.npy
barswa,song,54.101,13.3918,3.5,barswa/XC595554.ogg,13.06125,DE,EUROPE,barswa/XC595554.npy
comsan,call,46.6959,-2.3049,3.0,comsan/XC467216.ogg,28.682,FR,EUROPE,comsan/XC467216.npy
eaywag1,call,52.0612,5.371,1.0,eaywag1/XC434762.ogg,14.856,NL,EUROPE,eaywag1/XC434762.npy
comsan,song,51.6433,105.5224,3.0,comsan/XC455726.ogg,15.576,RU,EUROPE,comsan/XC455726.npy
comsan,call,51.9612,5.8104,2.0,comsan/XC347433.ogg,9.6914375,NL,EUROPE,comsan/XC347433.npy
eaywag1,both,44.1947,87.8477,5.0,eaywag1/XC642060.ogg,56.904,CN,ASIA,eaywag1/XC642060.npy
eaywag1,call,63.7599,20.2763,3.5,eaywag1/XC492742.ogg,13.032,SE,EUROPE,eaywag1/XC492742.npy
barswa,song,14.0425,-87.2198,1.0,barswa/XC443240.ogg,11.389,HN,AMERICAS,barswa/XC443240.npy
comsan,call,39.799,3.107,3.5,comsan/XC449102.ogg,56.8163125,ES,EUROPE,comsan/XC449102.npy
comsan,call,51.6433,105.5224,2.0,comsan/XC455717.ogg,39.648,RU,EUROPE,comsan/XC455717.npy
eaywag1,call,50.5166,70.118,4.0,eaywag1/XC145109.ogg,36.049,KZ,ASIA,eaywag1/XC145109.npy
barswa,blank,54.3767,9.0913,5.0,barswa/XC433031.ogg,48.091,DE,EUROPE,barswa/XC433031.npy
comsan,call,50.5775,-1.2964,2.0,comsan/XC672142.ogg,17.208,GB,EUROPE,comsan/XC672142.npy
eaywag1,song,44.1947,87.8477,5.0,eaywag1/XC642050.ogg,111.144,CN,ASIA,eaywag1/XC642050.npy
comsan,call,41.2243,1.7254,2.0,comsan/XC553466.ogg,65.201,ES,EUROPE,comsan/XC553466.npy
eaywag1,call,40.9011,-6.8906,3.0,eaywag1/XC594460.ogg,16.822875,PT,EUROPE,eaywag1/XC594460.npy
barswa,song,52.6532,-1.8794,4.0,barswa/XC582362.ogg,11.99,GB,EUROPE,barswa/XC582362.npy
barswa,song,46.154,-72.7455,3.5,barswa/XC141678.ogg,145.3191875,CA,AMERICAS,barswa/XC141678.npy
barswa,call,43.0044,9.4058,4.0,barswa/XC471962.ogg,18.456,FR,EUROPE,barswa/XC471962.npy
barswa,call,46.925,9.9077,3.0,barswa/XC673595.ogg,38.76575,AT,EUROPE,barswa/XC673595.npy
eaywag1,call,43.5352,-1.4475,3.5,eaywag1/XC672273.ogg,23.6146875,FR,EUROPE,eaywag1/XC672273.npy
comsan,call,51.8096,16.6488,2.5,comsan/XC569699.ogg,6.321625,PL,EUROPE,comsan/XC569699.npy
eaywag1,call,53.7476,9.67,0.0,eaywag1/XC495518.ogg,9.288,DE,EUROPE,eaywag1/XC495518.npy
eaywag1,call,37.1357,-7.6138,4.5,eaywag1/XC558426.ogg,26.352,PT,EUROPE,eaywag1/XC558426.npy
comsan,blank,46.8559,-2.0942,4.0,comsan/XC698224.ogg,9.672,FR,EUROPE,comsan/XC698224.npy
eaywag1,call,47.4915,7.5121,4.0,eaywag1/XC586538.ogg,57.495,CH,EUROPE,eaywag1/XC586538.npy
comsan,call,48.0372,-4.8622,4.0,comsan/XC588589.ogg,24.9730625,FR,EUROPE,comsan/XC588589.npy
barswa,song,51.6424,105.5332,4.0,barswa/XC457816.ogg,20.064,RU,EUROPE,barswa/XC457816.npy
comsan,call,42.340284,2.48002,3.0,comsan/XC587842.ogg,7.94125,ES,EUROPE,comsan/XC587842.npy
comsan,call,56.0779,47.9129,5.0,comsan/XC371997.ogg,12.3559375,RU,EUROPE,comsan/XC371997.npy
comsan,blank,44.7973,-0.6094,2.0,comsan/XC746247.ogg,8.568,FR,EUROPE,comsan/XC746247.npy
comsan,call,51.9839,5.3368,3.0,comsan/XC617562.ogg,6.216,NL,EUROPE,comsan/XC617562.npy
comsan,song,64.191,21.113,4.5,comsan/XC663899.ogg,369.0,SE,EUROPE,comsan/XC663899.npy
barswa,call,46.154,-72.7455,3.5,barswa/XC256529.ogg,18.155125,CA,AMERICAS,barswa/XC256529.npy
barswa,song,51.6433,105.5224,1.0,barswa/XC458224.ogg,20.64,RU,EUROPE,barswa/XC458224.npy
eaywag1,call,41.9919,1.5099,2.5,eaywag1/XC636817.ogg,24.973,ES,EUROPE,eaywag1/XC636817.npy
comsan,call,43.7545,-0.8624,5.0,comsan/XC580910.ogg,113.057,FR,EUROPE,comsan/XC580910.npy
comsan,call,50.8297,3.2408,2.0,comsan/XC548087.ogg,5.088,BE,EUROPE,comsan/XC548087.npy
comsan,call,57.0161,-6.2787,4.0,comsan/XC663708.ogg,53.16,GB,EUROPE,comsan/XC663708.npy
eaywag1,call,71.964,102.4406,3.0,eaywag1/XC675542.ogg,76.617,RU,EUROPE,eaywag1/XC675542.npy
barswa,call,30.5564,-96.4243,4.0,barswa/XC210730.ogg,55.008,US,AMERICAS,barswa/XC210730.npy
comsan,call,37.1379,-7.6303,2.0,comsan/XC494232.ogg,5.664,PT,EUROPE,comsan/XC494232.npy
comsan,call,51.971,16.8065,3.5,comsan/XC672722.ogg,9.144,PL,EUROPE,comsan/XC672722.npy
comsan,call,54.5632,8.8752,5.0,comsan/XC434829.ogg,9.195125,DE,EUROPE,comsan/XC434829.npy
eaywag1,blank,59.9674,17.9371,3.0,eaywag1/XC700448.ogg,5.6946875,SE,EUROPE,eaywag1/XC700448.npy
barswa,call,54.4894,-6.3813,4.0,barswa/XC247566.ogg,7.1836875,GB,EUROPE,barswa/XC247566.npy
comsan,call,51.3626,4.4419,4.0,comsan/XC603036.ogg,27.036,BE,EUROPE,comsan/XC603036.npy
barswa,both,41.7993,-8.867,5.0,barswa/XC638092.ogg,7.288,PT,EUROPE,barswa/XC638092.npy
comsan,call,37.1299,-8.6099,2.5,comsan/XC430765.ogg,7.4449375,PT,EUROPE,comsan/XC430765.npy
eaywag1,call,47.3523,-2.2295,0.0,eaywag1/XC480208.ogg,8.96,FR,EUROPE,eaywag1/XC480208.npy
barswa,call,45.1116,18.4108,5.0,barswa/XC669095.ogg,10.501,HR,EUROPE,barswa/XC669095.npy
barswa,call,39.0231,21.1353,3.0,barswa/XC411412.ogg,47.673,GR,EUROPE,barswa/XC411412.npy
eaywag1,call,56.1377,47.353,4.0,eaywag1/XC489890.ogg,36.7020625,RU,EUROPE,eaywag1/XC489890.npy
comsan,song,48.719,98.649,3.0,comsan/XC162556.ogg,39.967375,MN,ASIA,comsan/XC162556.npy
comsan,call,53.9299,-2.9833,2.5,comsan/XC621619.ogg,48.979625,GB,EUROPE,comsan/XC621619.npy
comsan,call,51.7489,5.8896,4.0,comsan/XC432675.ogg,6.1126875,NL,EUROPE,comsan/XC432675.npy
barswa,song,45.5163,8.7525,3.0,barswa/XC373002.ogg,18.938,IT,EUROPE,barswa/XC373002.npy
eaywag1,call,51.8061,16.6513,4.5,eaywag1/XC622864.ogg,17.084125,PL,EUROPE,eaywag1/XC622864.npy
eaywag1,call,14.0455,-16.7472,3.5,eaywag1/XC301881.ogg,6.24325,SN,AFRICA,eaywag1/XC301881.npy
barswa,call,37.1379,-7.6303,5.0,barswa/XC655311.ogg,32.592,PT,EUROPE,barswa/XC655311.npy
comsan,call,58.7396,17.8657,5.0,comsan/XC658624.ogg,22.416,SE,EUROPE,comsan/XC658624.npy
comsan,call,51.9612,5.8104,4.0,comsan/XC528121.ogg,40.6988125,NL,EUROPE,comsan/XC528121.npy
eaywag1,call,55.9792,47.3739,3.0,eaywag1/XC134810.ogg,5.564125,RU,EUROPE,eaywag1/XC134810.npy
eaywag1,call,36.8149,-6.3366,4.0,eaywag1/XC334136.ogg,67.5265625,ES,EUROPE,eaywag1/XC334136.npy
comsan,call,43.1038,3.0347,4.0,comsan/XC669165.ogg,12.85225,FR,EUROPE,comsan/XC669165.npy
comsan,call,37.1379,-7.6303,3.0,comsan/XC683470.ogg,13.776,PT,EUROPE,comsan/XC683470.npy
barswa,call,40.6052,-74.2495,4.5,barswa/XC480227.ogg,13.824,US,AMERICAS,barswa/XC480227.npy
eaywag1,call,43.0671,6.138,5.0,eaywag1/XC370994.ogg,5.746,FR,EUROPE,eaywag1/XC370994.npy
comsan,call,53.2671,5.7642,5.0,comsan/XC665016.ogg,18.912,NL,EUROPE,comsan/XC665016.npy
barswa,both,48.6308,1.7219,4.0,barswa/XC565640.ogg,18.288,FR,EUROPE,barswa/XC565640.npy
eaywag1,call,39.1866,26.2949,4.0,eaywag1/XC661259.ogg,10.266125,GR,EUROPE,eaywag1/XC661259.npy
barswa,call,51.8096,16.6488,1.0,barswa/XC496522.ogg,9.0645,PL,EUROPE,barswa/XC496522.npy
eaywag1,call,49.634,26.2213,5.0,eaywag1/XC476945.ogg,55.224,UA,EUROPE,eaywag1/XC476945.npy
comsan,call,1.4467,103.7274,3.5,comsan/XC361764.ogg,20.898,SG,ASIA,comsan/XC361764.npy
eaywag1,blank,46.8646,-2.0746,3.5,eaywag1/XC698245.ogg,56.112,FR,EUROPE,eaywag1/XC698245.npy
comsan,call,53.5342,8.6032,2.0,comsan/XC650235.ogg,6.243,DE,EUROPE,comsan/XC650235.npy
comsan,call,54.2386,-0.4196,4.0,comsan/XC636689.ogg,10.292,GB,EUROPE,comsan/XC636689.npy
comsan,call,43.3448,-1.8045,2.5,comsan/XC675449.ogg,15.569,ES,EUROPE,comsan/XC675449.npy
barswa,song,48.6355,1.676,5.0,barswa/XC635917.ogg,28.848,FR,EUROPE,barswa/XC635917.npy
comsan,call,68.535,23.321,4.5,comsan/XC123893.ogg,57.4171875,FI,EUROPE,comsan/XC123893.npy
barswa,call,50.1191,18.9721,2.0,barswa/XC488850.ogg,8.8555,PL,EUROPE,barswa/XC488850.npy
barswa,call,17.9281,102.7539,4.0,barswa/XC607346.ogg,139.650625,LA,ASIA,barswa/XC607346.npy
barswa,song,,,2.0,barswa/XC176097.ogg,52.009,UNKNOWN,UNKNOWN,barswa/XC176097.npy
barswa,song,44.5026,14.9379,5.0,barswa/XC335495.ogg,22.944,HR,EUROPE,barswa/XC335495.npy
comsan,call,45.0257,13.7012,3.5,comsan/XC494055.ogg,14.02775,HR,EUROPE,comsan/XC494055.npy
barswa,call,48.8659,1.9428,4.0,barswa/XC554132.ogg,5.376,FR,EUROPE,barswa/XC554132.npy
eaywag1,call,62.1399,16.2457,4.5,eaywag1/XC561482.ogg,72.098,SE,EUROPE,eaywag1/XC561482.npy
barswa,call,,,4.0,barswa/XC256096.ogg,14.688,UNKNOWN,UNKNOWN,barswa/XC256096.npy
eaywag1,call,51.9707,5.3833,4.0,eaywag1/XC495103.ogg,14.712,NL,EUROPE,eaywag1/XC495103.npy
comsan,call,51.6433,105.5224,1.0,comsan/XC458097.ogg,16.296,RU,EUROPE,comsan/XC458097.npy
barswa,call,53.9299,-2.9833,1.5,barswa/XC690504.ogg,8.881625,GB,EUROPE,barswa/XC690504.npy
eaywag1,song,49.4546,19.6332,2.0,eaywag1/XC562671.ogg,35.709,PL,EUROPE,eaywag1/XC562671.npy
comsan,call,18.2935,99.5007,5.0,comsan/XC387542.ogg,5.928,TH,ASIA,comsan/XC387542.npy
eaywag1,blank,64.1094,30.4023,3.0,eaywag1/XC740371.ogg,6.818,FI,EUROPE,eaywag1/XC740371.npy
barswa,call,45.9044,3.5297,5.0,barswa/XC492101.ogg,18.0,FR,EUROPE,barswa/XC492101.npy
comsan,blank,53.2509,5.598,3.0,comsan/XC723733.ogg,50.9910625,NL,EUROPE,comsan/XC723733.npy
comsan,blank,37.2104,-3.768,4.0,comsan/XC739176.ogg,34.848,ES,EUROPE,comsan/XC739176.npy
comsan,call,37.1357,-7.6138,5.0,comsan/XC594516.ogg,23.736,PT,EUROPE,comsan/XC594516.npy
comsan,call,57.0161,-6.2787,4.0,comsan/XC666163.ogg,13.992,GB,EUROPE,comsan/XC666163.npy
comsan,call,51.4812,-9.7785,2.0,comsan/XC686330.ogg,20.166,IE,EUROPE,comsan/XC686330.npy
barswa,call,41.0871,1.1009,2.0,barswa/XC555473.ogg,6.06,ES,EUROPE,barswa/XC555473.npy
comsan,blank,37.0218,-8.0121,5.0,comsan/XC750322.ogg,5.485,PT,EUROPE,comsan/XC750322.npy
eaywag1,blank,53.9299,-2.9833,2.5,eaywag1/XC702608.ogg,76.85225,GB,EUROPE,eaywag1/XC702608.npy
eaywag1,call,37.1357,-7.6138,4.0,eaywag1/XC540595.ogg,15.48,PT,EUROPE,eaywag1/XC540595.npy
barswa,call,36.763,126.6319,3.0,barswa/XC194688.ogg,46.44575,KR,ASIA,barswa/XC194688.npy
eaywag1,call,66.5187,66.6791,2.5,eaywag1/XC675596.ogg,30.406,RU,EUROPE,eaywag1/XC675596.npy
comsan,call,43.7412,-7.867,4.0,comsan/XC643036.ogg,18.28575,ES,EUROPE,comsan/XC643036.npy
barswa,call,53.9299,-2.9833,2.5,barswa/XC690508.ogg,15.6735,GB,EUROPE,barswa/XC690508.npy
barswa,song,42.0384,-82.5111,5.0,barswa/XC476498.ogg,24.552,CA,AMERICAS,barswa/XC476498.npy
eaywag1,song,52.7024,12.2271,5.0,eaywag1/XC650574.ogg,79.704,DE,EUROPE,eaywag1/XC650574.npy
barswa,song,60.6226,15.4678,5.0,barswa/XC378427.ogg,16.2481875,SE,EUROPE,barswa/XC378427.npy
eaywag1,blank,39.3916,16.5361,4.5,eaywag1/XC695502.ogg,15.62125,IT,EUROPE,eaywag1/XC695502.npy
eaywag1,both,59.5496,18.1602,3.5,eaywag1/XC645680.ogg,97.724,SE,EUROPE,eaywag1/XC645680.npy
comsan,call,41.2243,1.7254,1.0,comsan/XC548720.ogg,7.314,ES,EUROPE,comsan/XC548720.npy
eaywag1,call,67.4613,78.7087,3.5,eaywag1/XC675716.ogg,25.391,RU,EUROPE,eaywag1/XC675716.npy
barswa,both,36.4172,-6.1459,3.0,barswa/XC361224.ogg,13.27025,ES,EUROPE,barswa/XC361224.npy
comsan,call,42.586,69.2775,4.0,comsan/XC184130.ogg,10.475125,KZ,ASIA,comsan/XC184130.npy
eaywag1,call,67.4613,78.7087,3.0,eaywag1/XC675682.ogg,35.657,RU,EUROPE,eaywag1/XC675682.npy
eaywag1,call,45.2107,2.5998,3.0,eaywag1/XC597931.ogg,26.07025,FR,EUROPE,eaywag1/XC597931.npy
comsan,call,39.4715,64.5245,3.5,comsan/XC185083.ogg,11.8335,UZ,ASIA,comsan/XC185083.npy
comsan,call,43.6108,3.8767,3.5,comsan/XC667555.ogg,8.176,FR,EUROPE,comsan/XC667555.npy
eaywag1,song,43.0206,-6.0007,5.0,eaywag1/XC660118.ogg,139.938,ES,EUROPE,eaywag1/XC660118.npy
comsan,call,51.9839,5.3368,5.0,comsan/XC646465.ogg,5.808,NL,EUROPE,comsan/XC646465.npy
comsan,call,58.7396,17.8657,5.0,comsan/XC650276.ogg,9.024,SE,EUROPE,comsan/XC650276.npy
comsan,call,51.0445,2.3912,5.0,comsan/XC648672.ogg,35.3175625,FR,EUROPE,comsan/XC648672.npy
comsan,call,53.9299,-2.9833,3.0,comsan/XC621615.ogg,43.38,GB,EUROPE,comsan/XC621615.npy
eaywag1,call,42.965,9.4512,5.0,eaywag1/XC471747.ogg,12.8,FR,EUROPE,eaywag1/XC471747.npy
barswa,blank,19.3551,-99.0467,5.0,barswa/XC698511.ogg,60.0555,MX,AMERICAS,barswa/XC698511.npy
barswa,both,,,3.0,barswa/XC387456.ogg,174.44575,UNKNOWN,UNKNOWN,barswa/XC387456.npy
barswa,song,39.8483,-5.6788,4.0,barswa/XC148900.ogg,32.5224375,ES,EUROPE,barswa/XC148900.npy
barswa,song,41.492,9.055,5.0,barswa/XC471705.ogg,51.56575,FR,EUROPE,barswa/XC471705.npy
eaywag1,both,36.8149,-6.3366,4.0,eaywag1/XC334144.ogg,90.82775,ES,EUROPE,eaywag1/XC334144.npy
comsan,call,39.4696,-0.3522,4.0,comsan/XC557246.ogg,6.2171875,ES,EUROPE,comsan/XC557246.npy
barswa,call,50.78,-120.433,5.0,barswa/XC511280.ogg,38.87025,CA,AMERICAS,barswa/XC511280.npy
eaywag1,call,43.7545,-0.8624,4.5,eaywag1/XC584087.ogg,68.048,FR,EUROPE,eaywag1/XC584087.npy
eaywag1,blank,59.6655,17.3833,4.5,eaywag1/XC732885.ogg,13.818,SE,EUROPE,eaywag1/XC732885.npy
eaywag1,call,37.0951,-6.0386,3.0,eaywag1/XC289881.ogg,17.058,ES,EUROPE,eaywag1/XC289881.npy
barswa,call,51.3672,5.8406,3.0,barswa/XC671669.ogg,10.057,NL,EUROPE,barswa/XC671669.npy
barswa,both,36.4172,-6.1459,4.0,barswa/XC361218.ogg,16.849,ES,EUROPE,barswa/XC361218.npy
eaywag1,call,51.8147,-0.6675,5.0,eaywag1/XC639687.ogg,6.086,GB,EUROPE,eaywag1/XC639687.npy
eaywag1,call,63.7599,20.2763,5.0,eaywag1/XC492498.ogg,15.192,SE,EUROPE,eaywag1/XC492498.npy
eaywag1,both,60.7225,11.1095,4.5,eaywag1/XC473729.ogg,161.376,NO,EUROPE,eaywag1/XC473729.npy
eaywag1,call,53.6802,58.8524,4.5,eaywag1/XC317412.ogg,10.8146875,RU,EUROPE,eaywag1/XC317412.npy
comsan,call,43.5352,-1.4475,5.0,comsan/XC644516.ogg,43.6245,FR,EUROPE,comsan/XC644516.npy
barswa,call,51.915,16.848,5.0,barswa/XC672358.ogg,30.24,PL,EUROPE,barswa/XC672358.npy
barswa,song,-7.0611,110.4473,5.0,barswa/XC376569.ogg,44.1208125,ID,ASIA,barswa/XC376569.npy
comsan,call,53.9299,-2.9833,2.5,comsan/XC501618.ogg,24.398375,GB,EUROPE,comsan/XC501618.npy
comsan,call,46.4605,6.3914,2.5,comsan/XC113844.ogg,6.1649375,CH,EUROPE,comsan/XC113844.npy
eaywag1,song,43.1871,-9.0473,5.0,eaywag1/XC380681.ogg,26.906125,ES,EUROPE,eaywag1/XC380681.npy
comsan,call,62.4067,17.7101,5.0,comsan/XC428192.ogg,37.903,SE,EUROPE,comsan/XC428192.npy
barswa,call,23.5658,-105.8415,4.0,barswa/XC575357.ogg,6.373,MX,AMERICAS,barswa/XC575357.npy
comsan,call,51.9839,5.3368,4.0,comsan/XC465566.ogg,9.096,NL,EUROPE,comsan/XC465566.npy
barswa,song,52.5603,-6.2027,4.0,barswa/XC667927.ogg,31.111,IE,EUROPE,barswa/XC667927.npy
comsan,blank,43.7412,-7.867,5.0,comsan/XC666039.ogg,5.172,ES,EUROPE,comsan/XC666039.npy
barswa,both,25.5804,-100.248,4.0,barswa/XC415547.ogg,58.044125,MX,AMERICAS,barswa/XC415547.npy
eaywag1,song,59.5157,16.4603,5.0,eaywag1/XC208705.ogg,76.5126875,SE,EUROPE,eaywag1/XC208705.npy
barswa,song,19.3551,-99.0467,4.5,barswa/XC631965.ogg,107.650625,MX,AMERICAS,barswa/XC631965.npy
eaywag1,call,25.6045,56.2347,4.0,eaywag1/XC505887.ogg,10.997,AE,ASIA,eaywag1/XC505887.npy
eaywag1,call,45.2867,4.8289,3.0,eaywag1/XC537565.ogg,8.96,FR,EUROPE,eaywag1/XC537565.npy
eaywag1,blank,43.4656,4.4482,4.5,eaywag1/XC721189.ogg,17.88,FR,EUROPE,eaywag1/XC721189.npy
comsan,call,47.5321,9.7342,3.0,comsan/XC674243.ogg,35.5788125,AT,EUROPE,comsan/XC674243.npy
comsan,call,51.5939,-0.0489,4.0,comsan/XC447135.ogg,25.872,GB,EUROPE,comsan/XC447135.npy
eaywag1,call,46.925,9.9077,3.0,eaywag1/XC673596.ogg,16.718375,AT,EUROPE,eaywag1/XC673596.npy
barswa,call,51.6433,105.5224,3.0,barswa/XC458225.ogg,12.432,RU,EUROPE,barswa/XC458225.npy
comsan,call,43.2927,131.6282,4.0,comsan/XC266358.ogg,95.84325,RU,EUROPE,comsan/XC266358.npy
comsan,call,49.4434,21.9175,4.0,comsan/XC422062.ogg,83.376,PL,EUROPE,comsan/XC422062.npy
comsan,call,46.6449,0.5841,5.0,comsan/XC600832.ogg,11.4,FR,EUROPE,comsan/XC600832.npy
barswa,call,43.1905,40.385,4.0,barswa/XC193514.ogg,34.0375625,GE,ASIA,barswa/XC193514.npy
eaywag1,call,41.4875,2.3653,4.0,eaywag1/XC679303.ogg,6.2955,ES,EUROPE,eaywag1/XC679303.npy
comsan,call,58.7396,17.8657,5.0,comsan/XC653714.ogg,16.536,SE,EUROPE,comsan/XC653714.npy
barswa,call,37.1379,-7.6303,3.5,barswa/XC623204.ogg,13.032,PT,EUROPE,barswa/XC623204.npy
comsan,call,41.1684,0.974,4.0,comsan/XC585172.ogg,28.029,ES,EUROPE,comsan/XC585172.npy
barswa,both,30.0801,-99.5027,4.5,barswa/XC141346.ogg,24.502875,US,AMERICAS,barswa/XC141346.npy
barswa,song,59.9358,24.3885,4.5,barswa/XC417086.ogg,37.944,FI,EUROPE,barswa/XC417086.npy
eaywag1,call,46.2018,-1.3648,3.0,eaywag1/XC681324.ogg,7.81,FR,EUROPE,eaywag1/XC681324.npy
barswa,call,37.1379,-7.6303,4.0,barswa/XC541615.ogg,11.208,PT,EUROPE,barswa/XC541615.npy
eaywag1,call,53.4815,6.182,5.0,eaywag1/XC401723.ogg,5.9298125,NL,EUROPE,eaywag1/XC401723.npy
comsan,call,54.5632,8.8752,5.0,comsan/XC434827.ogg,7.0008125,DE,EUROPE,comsan/XC434827.npy
barswa,call,42.758,-70.801,4.5,barswa/XC433095.ogg,65.544,US,AMERICAS,barswa/XC433095.npy
comsan,song,67.2355,26.2503,4.5,comsan/XC216979.ogg,24.68575,FI,EUROPE,comsan/XC216979.npy
comsan,call,51.9086,-8.3147,3.0,comsan/XC667807.ogg,35.578,IE,EUROPE,comsan/XC667807.npy
barswa,both,36.4172,-6.1459,2.0,barswa/XC361240.ogg,189.1788125,ES,EUROPE,barswa/XC361240.npy
comsan,call,53.4902,-2.6299,5.0,comsan/XC646093.ogg,21.2114375,GB,EUROPE,comsan/XC646093.npy
eaywag1,blank,40.7371,43.4518,4.0,eaywag1/XC738505.ogg,23.7714375,TR,ASIA,eaywag1/XC738505.npy
barswa,both,36.4172,-6.1459,2.0,barswa/XC361239.ogg,129.43675,ES,EUROPE,barswa/XC361239.npy
barswa,call,,,1.0,barswa/XC171221.ogg,18.703,UNKNOWN,UNKNOWN,barswa/XC171221.npy
barswa,both,43.6108,3.8767,3.0,barswa/XC541914.ogg,5.592,FR,EUROPE,barswa/XC541914.npy
barswa,song,-18.002,-40.381,3.0,barswa/XC423007.ogg,16.8,BR,AMERICAS,barswa/XC423007.npy
barswa,call,42.965,9.4512,5.0,barswa/XC471591.ogg,6.45225,FR,EUROPE,barswa/XC471591.npy
comsan,call,57.4706,-4.163,2.0,comsan/XC555245.ogg,8.515,GB,EUROPE,comsan/XC555245.npy
eaywag1,call,53.6802,58.8524,4.5,eaywag1/XC317372.ogg,26.044125,RU,EUROPE,eaywag1/XC317372.npy
comsan,call,37.9081,-8.0376,4.0,comsan/XC352466.ogg,8.4636875,PT,EUROPE,comsan/XC352466.npy
barswa,blank,41.2243,1.7254,5.0,barswa/XC746902.ogg,13.139,ES,EUROPE,barswa/XC746902.npy
comsan,call,44.4091,66.2756,4.0,comsan/XC183079.ogg,26.07025,KZ,ASIA,comsan/XC183079.npy
barswa,blank,52.7605,-4.7884,5.0,barswa/XC736807.ogg,16.0653125,GB,EUROPE,barswa/XC736807.npy
eaywag1,both,46.6999,20.0441,3.5,eaywag1/XC246326.ogg,117.3420625,HU,EUROPE,eaywag1/XC246326.npy
eaywag1,call,52.6514,13.4729,4.0,eaywag1/XC243654.ogg,5.198375,DE,EUROPE,eaywag1/XC243654.npy
eaywag1,call,50.8304,-1.2379,2.5,eaywag1/XC584192.ogg,16.274,GB,EUROPE,eaywag1/XC584192.npy
comsan,call,53.5342,8.6032,0.0,comsan/XC559524.ogg,5.433,DE,EUROPE,comsan/XC559524.npy
comsan,call,57.0161,-6.2787,4.5,comsan/XC665628.ogg,20.04,GB,EUROPE,comsan/XC665628.npy
comsan,call,53.5342,8.6032,4.0,comsan/XC582947.ogg,21.968,DE,EUROPE,comsan/XC582947.npy
barswa,call,51.6424,105.5332,3.0,barswa/XC457823.ogg,28.176,RU,EUROPE,barswa/XC457823.npy
eaywag1,call,51.4057,3.5274,4.0,eaywag1/XC543956.ogg,13.8449375,NL,EUROPE,eaywag1/XC543956.npy
barswa,call,19.874,99.0435,5.0,barswa/XC642713.ogg,27.01,TH,ASIA,barswa/XC642713.npy
barswa,blank,56.6346,9.7837,3.0,barswa/XC747069.ogg,10.109,DK,EUROPE,barswa/XC747069.npy
barswa,song,49.9181,-6.285,5.0,barswa/XC318261.ogg,68.5714375,GB,EUROPE,barswa/XC318261.npy
eaywag1,call,39.1866,26.2949,3.5,eaywag1/XC661266.ogg,9.299625,GR,EUROPE,eaywag1/XC661266.npy
comsan,call,54.949,-1.48,5.0,comsan/XC580725.ogg,24.685,GB,EUROPE,comsan/XC580725.npy
eaywag1,call,51.94,5.9038,4.0,eaywag1/XC436362.ogg,27.744,NL,EUROPE,eaywag1/XC436362.npy
barswa,call,63.8314,20.7151,4.5,barswa/XC380471.ogg,20.184,SE,EUROPE,barswa/XC380471.npy
barswa,song,9.0163,-81.715,4.0,barswa/XC437453.ogg,10.631875,PA,AMERICAS,barswa/XC437453.npy
barswa,call,23.828,120.7929,5.0,barswa/XC567605.ogg,12.96,TW,ASIA,barswa/XC567605.npy
eaywag1,call,67.4613,78.7087,4.0,eaywag1/XC675726.ogg,37.929,RU,EUROPE,eaywag1/XC675726.npy
barswa,call,47.205,9.6881,3.0,barswa/XC667152.ogg,16.1698125,AT,EUROPE,barswa/XC667152.npy
comsan,call,50.1191,18.9721,2.0,comsan/XC645352.ogg,7.992,PL,EUROPE,comsan/XC645352.npy
barswa,call,42.5373,-76.5487,3.5,barswa/XC372598.ogg,10.08325,US,AMERICAS,barswa/XC372598.npy
barswa,call,37.4868,-5.9435,4.0,barswa/XC178328.ogg,221.28325,ES,EUROPE,barswa/XC178328.npy
comsan,blank,41.8074,-8.8626,5.0,comsan/XC754437.ogg,52.166,PT,EUROPE,comsan/XC754437.npy
barswa,both,36.4172,-6.1459,5.0,barswa/XC361746.ogg,29.1265625,ES,EUROPE,barswa/XC361746.npy
barswa,call,45.5998,-122.6089,4.0,barswa/XC624441.ogg,17.2669375,US,AMERICAS,barswa/XC624441.npy
comsan,blank,59.1248,18.3501,4.5,comsan/XC722484.ogg,117.629,SE,EUROPE,comsan/XC722484.npy
barswa,call,44.2353,132.1466,4.0,barswa/XC267430.ogg,25.3126875,RU,EUROPE,barswa/XC267430.npy
barswa,song,42.806,13.8335,4.0,barswa/XC371853.ogg,50.8343125,IT,EUROPE,barswa/XC371853.npy
barswa,call,50.8707,16.6727,4.0,barswa/XC581792.ogg,9.336,PL,EUROPE,barswa/XC581792.npy
eaywag1,blank,47.8602,92.0126,4.0,eaywag1/XC750842.ogg,5.642,MN,ASIA,eaywag1/XC750842.npy
barswa,call,-33.5324,27.0352,5.0,barswa/XC349311.ogg,37.302875,ZA,AFRICA,barswa/XC349311.npy
eaywag1,call,37.1499,-6.0405,3.0,eaywag1/XC411637.ogg,35.5788125,ES,EUROPE,eaywag1/XC411637.npy
eaywag1,call,14.754,-17.411,4.0,eaywag1/XC118267.ogg,11.88575,SN,AFRICA,eaywag1/XC118267.npy
barswa,call,48.459,-5.1292,4.0,barswa/XC584461.ogg,8.15,FR,EUROPE,barswa/XC584461.npy
barswa,blank,52.506,13.4281,4.0,barswa/XC737129.ogg,42.579625,DE,EUROPE,barswa/XC737129.npy
barswa,call,55.6539,47.1405,2.0,barswa/XC145761.ogg,29.59675,RU,EUROPE,barswa/XC145761.npy
barswa,song,36.638,30.4419,4.5,barswa/XC187796.ogg,85.6555,TR,ASIA,barswa/XC187796.npy
barswa,song,24.9868,121.5423,5.0,barswa/XC663434.ogg,84.0620625,TW,ASIA,barswa/XC663434.npy
eaywag1,song,49.2497,-1.1816,5.0,eaywag1/XC501773.ogg,16.44,FR,EUROPE,eaywag1/XC501773.npy
barswa,both,54.4355,13.4214,4.0,barswa/XC254203.ogg,62.4849375,DE,EUROPE,barswa/XC254203.npy
eaywag1,call,66.5264,66.5723,4.0,eaywag1/XC675643.ogg,12.382,RU,EUROPE,eaywag1/XC675643.npy
comsan,blank,50.7017,4.9408,4.0,comsan/XC741300.ogg,47.112,BE,EUROPE,comsan/XC741300.npy
barswa,call,53.5267,22.8439,3.5,barswa/XC663206.ogg,7.056,PL,EUROPE,barswa/XC663206.npy
barswa,call,53.2364,21.4666,5.0,barswa/XC188601.ogg,11.196,PL,EUROPE,barswa/XC188601.npy
eaywag1,blank,45.3353,-0.3526,4.0,eaywag1/XC714888.ogg,9.048,FR,EUROPE,eaywag1/XC714888.npy
comsan,blank,50.6041,5.6641,5.0,comsan/XC744929.ogg,6.635125,BE,EUROPE,comsan/XC744929.npy
barswa,call,37.1866,-7.4373,4.5,barswa/XC486210.ogg,40.44,PT,EUROPE,barswa/XC486210.npy
comsan,blank,45.3117,4.7915,3.0,comsan/XC738112.ogg,12.384,FR,EUROPE,comsan/XC738112.npy
eaywag1,song,52.3855,20.7814,2.5,eaywag1/XC329887.ogg,17.11,PL,EUROPE,eaywag1/XC329887.npy
barswa,song,51.7979,-8.1822,4.0,barswa/XC411677.ogg,24.032,IE,EUROPE,barswa/XC411677.npy
barswa,song,-18.002,-40.381,3.0,barswa/XC423008.ogg,74.592,BR,AMERICAS,barswa/XC423008.npy
eaywag1,both,50.7898,70.1188,5.0,eaywag1/XC154563.ogg,27.324125,KZ,ASIA,eaywag1/XC154563.npy
comsan,call,50.1191,18.9721,4.0,comsan/XC469617.ogg,19.7746875,PL,EUROPE,comsan/XC469617.npy
barswa,call,,,1.0,barswa/XC176091.ogg,7.209,UNKNOWN,UNKNOWN,barswa/XC176091.npy
barswa,both,37.4261,-5.9853,3.0,barswa/XC171237.ogg,30.72,ES,EUROPE,barswa/XC171237.npy
barswa,song,44.2937,2.0769,5.0,barswa/XC268755.ogg,9.8220625,FR,EUROPE,barswa/XC268755.npy
eaywag1,call,39.5101,-0.4042,4.0,eaywag1/XC599960.ogg,12.6171875,ES,EUROPE,eaywag1/XC599960.npy
comsan,call,40.6931,-8.6249,4.0,comsan/XC678892.ogg,22.961,PT,EUROPE,comsan/XC678892.npy
comsan,call,53.9299,-2.9833,2.0,comsan/XC501606.ogg,12.982875,GB,EUROPE,comsan/XC501606.npy
eaywag1,call,67.6774,67.9779,4.0,eaywag1/XC255316.ogg,25.6,RU,EUROPE,eaywag1/XC255316.npy
eaywag1,call,47.293,9.5736,4.0,eaywag1/XC617529.ogg,12.199,AT,EUROPE,eaywag1/XC617529.npy
comsan,call,51.9839,5.3368,4.0,comsan/XC668909.ogg,23.064,NL,EUROPE,comsan/XC668909.npy
comsan,both,64.191,21.113,4.5,comsan/XC661968.ogg,66.12,SE,EUROPE,comsan/XC661968.npy
barswa,call,37.2384,-6.1295,4.0,barswa/XC179356.ogg,36.048,ES,EUROPE,barswa/XC179356.npy
eaywag1,call,42.9143,3.0548,4.0,eaywag1/XC647654.ogg,36.792,FR,EUROPE,eaywag1/XC647654.npy
eaywag1,call,71.964,102.4406,4.0,eaywag1/XC675525.ogg,37.12,RU,EUROPE,eaywag1/XC675525.npy
barswa,call,51.3672,5.8406,3.0,barswa/XC671720.ogg,10.161,NL,EUROPE,barswa/XC671720.npy
barswa,call,44.2051,132.4161,3.0,barswa/XC267653.ogg,7.1314375,RU,EUROPE,barswa/XC267653.npy
comsan,blank,41.4875,2.3653,4.0,comsan/XC747414.ogg,47.986,ES,EUROPE,comsan/XC747414.npy
barswa,both,48.7043,-2.9878,3.0,barswa/XC584276.ogg,29.701,FR,EUROPE,barswa/XC584276.npy
comsan,call,52.0612,5.371,4.0,comsan/XC434765.ogg,6.48,NL,EUROPE,comsan/XC434765.npy
comsan,song,51.6433,105.5224,5.0,comsan/XC455720.ogg,28.896,RU,EUROPE,comsan/XC455720.npy
eaywag1,call,51.4023,4.4307,5.0,eaywag1/XC603006.ogg,12.982,BE,EUROPE,eaywag1/XC603006.npy
barswa,both,36.4172,-6.1459,5.0,barswa/XC361817.ogg,21.0808125,ES,EUROPE,barswa/XC361817.npy
eaywag1,call,46.9355,0.0328,4.5,eaywag1/XC677591.ogg,90.552,FR,EUROPE,eaywag1/XC677591.npy
eaywag1,blank,46.3934,-0.533,4.0,eaywag1/XC738300.ogg,18.408,FR,EUROPE,eaywag1/XC738300.npy
comsan,call,50.1191,18.9721,2.0,comsan/XC581041.ogg,18.192,PL,EUROPE,comsan/XC581041.npy
barswa,call,51.6424,105.5332,3.0,barswa/XC457802.ogg,141.864,RU,EUROPE,barswa/XC457802.npy
comsan,call,51.8387,-8.0159,2.5,comsan/XC570261.ogg,11.598,IE,EUROPE,comsan/XC570261.npy
comsan,call,50.1191,18.9721,2.0,comsan/XC554582.ogg,18.264,PL,EUROPE,comsan/XC554582.npy
eaywag1,call,39.8858,64.6754,3.0,eaywag1/XC185439.ogg,14.44575,UZ,ASIA,eaywag1/XC185439.npy
barswa,call,51.915,16.848,3.5,barswa/XC589951.ogg,47.9608125,PL,EUROPE,barswa/XC589951.npy
eaywag1,call,64.1378,20.0755,4.5,eaywag1/XC662107.ogg,42.216,SE,EUROPE,eaywag1/XC662107.npy
comsan,blank,56.2979,16.4132,4.0,comsan/XC724667.ogg,20.1404375,SE,EUROPE,comsan/XC724667.npy
eaywag1,call,51.5196,-0.3239,4.0,eaywag1/XC592475.ogg,12.512,GB,EUROPE,eaywag1/XC592475.npy
barswa,blank,31.5271,121.8719,4.0,barswa/XC709253.ogg,9.504,CN,ASIA,barswa/XC709253.npy
barswa,call,-32.1892,24.2438,3.0,barswa/XC303791.ogg,41.247375,ZA,AFRICA,barswa/XC303791.npy
eaywag1,call,42.965,9.4512,5.0,eaywag1/XC471556.ogg,7.915125,FR,EUROPE,eaywag1/XC471556.npy
comsan,call,-7.098,120.6647,3.5,comsan/XC204537.ogg,8.5943125,ID,ASIA,comsan/XC204537.npy
barswa,song,60.6995,27.0951,3.5,barswa/XC211242.ogg,21.4726875,FI,EUROPE,barswa/XC211242.npy
comsan,call,52.337,13.6523,4.0,comsan/XC671165.ogg,46.728,DE,EUROPE,comsan/XC671165.npy
comsan,call,54.577,11.9226,3.0,comsan/XC393014.ogg,6.817,DK,EUROPE,comsan/XC393014.npy
eaywag1,call,52.0671,19.1959,5.0,eaywag1/XC591908.ogg,14.616,PL,EUROPE,eaywag1/XC591908.npy
barswa,song,52.8858,23.8293,4.5,barswa/XC664976.ogg,64.704,PL,EUROPE,barswa/XC664976.npy
comsan,call,56.7028,-2.6114,3.0,comsan/XC595919.ogg,43.52,GB,EUROPE,comsan/XC595919.npy
barswa,call,18.9897,-99.2546,4.0,barswa/XC269815.ogg,22.392,MX,AMERICAS,barswa/XC269815.npy
eaywag1,call,42.965,9.4512,0.0,eaywag1/XC471748.ogg,11.0498125,FR,EUROPE,eaywag1/XC471748.npy
barswa,song,39.1886,16.7889,4.0,barswa/XC679407.ogg,18.36,IT,EUROPE,barswa/XC679407.npy
eaywag1,song,45.0257,86.0507,5.0,eaywag1/XC642065.ogg,127.728,CN,ASIA,eaywag1/XC642065.npy
eaywag1,song,52.875,5.0576,5.0,eaywag1/XC639578.ogg,81.2408125,NL,EUROPE,eaywag1/XC639578.npy
comsan,call,56.0841,47.2567,3.0,comsan/XC573391.ogg,69.06775,RU,EUROPE,comsan/XC573391.npy
comsan,call,54.5632,8.8752,3.5,comsan/XC435489.ogg,82.050625,DE,EUROPE,comsan/XC435489.npy
comsan,call,56.7028,-2.6114,3.0,comsan/XC595918.ogg,39.706,GB,EUROPE,comsan/XC595918.npy
barswa,song,49.8699,127.6447,4.5,barswa/XC339821.ogg,12.0685625,RU,EUROPE,barswa/XC339821.npy
comsan,call,46.6976,0.2746,4.0,comsan/XC448611.ogg,57.0775625,FR,EUROPE,comsan/XC448611.npy
eaywag1,call,44.1062,1.8827,2.5,eaywag1/XC645111.ogg,6.072,FR,EUROPE,eaywag1/XC645111.npy
eaywag1,call,37.1357,-7.6138,4.5,eaywag1/XC481363.ogg,141.696,PT,EUROPE,eaywag1/XC481363.npy
barswa,call,-17.6635,-63.1621,3.0,barswa/XC627059.ogg,13.244125,BO,AMERICAS,barswa/XC627059.npy
comsan,call,45.1111,18.4119,5.0,comsan/XC669042.ogg,14.367,HR,EUROPE,comsan/XC669042.npy
comsan,call,-25.3071,27.449,4.5,comsan/XC323384.ogg,21.0,ZA,AFRICA,comsan/XC323384.npy
comsan,blank,51.6578,19.3281,5.0,comsan/XC738993.ogg,11.616,PL,EUROPE,comsan/XC738993.npy
eaywag1,call,43.6073,4.2865,0.0,eaywag1/XC412708.ogg,19.14775,FR,EUROPE,eaywag1/XC412708.npy
comsan,blank,45.8872,0.9012,5.0,comsan/XC743718.ogg,14.053,FR,EUROPE,comsan/XC743718.npy
comsan,blank,40.7155,0.8473,5.0,comsan/XC518442.ogg,7.444,ES,EUROPE,comsan/XC518442.npy
barswa,call,37.1792,-7.4687,3.0,barswa/XC460329.ogg,12.072,PT,EUROPE,barswa/XC460329.npy
barswa,call,37.1379,-7.6303,3.5,barswa/XC623206.ogg,37.968,PT,EUROPE,barswa/XC623206.npy
eaywag1,song,56.1211,47.5042,3.0,eaywag1/XC175702.ogg,11.208,RU,EUROPE,eaywag1/XC175702.npy
comsan,call,58.6397,16.7958,2.0,comsan/XC645595.ogg,17.031875,SE,EUROPE,comsan/XC645595.npy
barswa,call,37.0951,-6.0386,3.0,barswa/XC284630.ogg,17.5804375,ES,EUROPE,barswa/XC284630.npy
barswa,song,54.5789,11.9284,4.5,barswa/XC208241.ogg,29.9363125,DK,EUROPE,barswa/XC208241.npy
eaywag1,call,30.9216,-6.8577,2.5,eaywag1/XC527522.ogg,9.2735,MA,AFRICA,eaywag1/XC527522.npy
comsan,blank,45.2766,6.8171,5.0,comsan/XC738503.ogg,27.192,FR,EUROPE,comsan/XC738503.npy
comsan,call,59.3796,25.8016,4.5,comsan/XC659279.ogg,130.992,EE,EUROPE,comsan/XC659279.npy
comsan,call,43.7412,-7.867,5.0,comsan/XC637268.ogg,7.3665625,ES,EUROPE,comsan/XC637268.npy
eaywag1,call,38.827,-8.9451,3.5,eaywag1/XC667857.ogg,7.8,PT,EUROPE,eaywag1/XC667857.npy
comsan,call,48.0372,-4.8622,4.0,comsan/XC588564.ogg,29.570625,FR,EUROPE,comsan/XC588564.npy
comsan,call,49.4452,22.6154,4.0,comsan/XC578772.ogg,31.2685625,PL,EUROPE,comsan/XC578772.npy
eaywag1,call,69.3585,88.2378,3.0,eaywag1/XC675961.ogg,7.523,RU,EUROPE,eaywag1/XC675961.npy
comsan,call,51.0928,4.0077,0.0,comsan/XC557950.ogg,9.864,BE,EUROPE,comsan/XC557950.npy
comsan,call,58.7396,17.8657,5.0,comsan/XC650270.ogg,35.592,SE,EUROPE,comsan/XC650270.npy
eaywag1,song,44.4407,85.9259,4.0,eaywag1/XC616923.ogg,40.8,CN,ASIA,eaywag1/XC616923.npy
eaywag1,call,-15.8732,27.2176,3.5,eaywag1/XC296195.ogg,11.911875,ZM,AFRICA,eaywag1/XC296195.npy
comsan,call,56.2702,44.0017,3.0,comsan/XC557580.ogg,5.064,RU,EUROPE,comsan/XC557580.npy
eaywag1,blank,41.2243,1.7254,5.0,eaywag1/XC706171.ogg,7.079,ES,EUROPE,eaywag1/XC706171.npy
eaywag1,song,53.0663,14.3355,4.5,eaywag1/XC524524.ogg,65.9853125,DE,EUROPE,eaywag1/XC524524.npy
comsan,call,43.7412,-7.867,4.0,comsan/XC662277.ogg,5.224,ES,EUROPE,comsan/XC662277.npy
barswa,song,40.0457,-105.1446,4.0,barswa/XC206071.ogg,8.688,US,AMERICAS,barswa/XC206071.npy
eaywag1,call,51.4812,-9.7785,4.0,eaywag1/XC687219.ogg,35.265,IE,EUROPE,eaywag1/XC687219.npy
barswa,song,53.3615,6.2513,5.0,barswa/XC320886.ogg,13.3224375,NL,EUROPE,barswa/XC320886.npy
comsan,call,43.7412,-7.867,3.0,comsan/XC618556.ogg,6.1126875,ES,EUROPE,comsan/XC618556.npy
barswa,song,35.0573,34.0009,5.0,barswa/XC405617.ogg,114.207375,CY,ASIA,barswa/XC405617.npy
eaywag1,blank,50.6067,-1.1921,1.5,eaywag1/XC749159.ogg,26.279,GB,EUROPE,eaywag1/XC749159.npy
eaywag1,call,63.7599,20.2763,5.0,eaywag1/XC494677.ogg,7.128,SE,EUROPE,eaywag1/XC494677.npy
barswa,blank,56.0551,-5.5514,4.0,barswa/XC735267.ogg,45.06125,GB,EUROPE,barswa/XC735267.npy
comsan,call,50.1191,18.9721,3.0,comsan/XC554039.ogg,6.144,PL,EUROPE,comsan/XC554039.npy
eaywag1,blank,50.5795,-1.3063,1.5,eaywag1/XC718377.ogg,8.829,GB,EUROPE,eaywag1/XC718377.npy
comsan,call,53.2509,5.598,5.0,comsan/XC644352.ogg,14.210625,NL,EUROPE,comsan/XC644352.npy
eaywag1,call,44.645,-1.0337,3.5,eaywag1/XC131436.ogg,14.02775,FR,EUROPE,eaywag1/XC131436.npy
comsan,call,43.7545,-0.8624,5.0,comsan/XC580916.ogg,26.88,FR,EUROPE,comsan/XC580916.npy
barswa,call,51.4213,5.4732,2.0,barswa/XC472519.ogg,6.0865625,NL,EUROPE,barswa/XC472519.npy
barswa,song,49.634,26.2213,4.5,barswa/XC484700.ogg,127.896,UA,EUROPE,barswa/XC484700.npy
barswa,both,57.02,-6.2922,4.5,barswa/XC671127.ogg,93.024,GB,EUROPE,barswa/XC671127.npy
barswa,both,36.4172,-6.1459,4.0,barswa/XC361810.ogg,20.819625,ES,EUROPE,barswa/XC361810.npy
eaywag1,blank,36.9163,54.0413,2.5,eaywag1/XC743045.ogg,49.056,IR,ASIA,eaywag1/XC743045.npy
comsan,call,37.1379,-7.6303,3.0,comsan/XC494789.ogg,5.76,PT,EUROPE,comsan/XC494789.npy
comsan,call,48.4594,-5.1294,4.0,comsan/XC584608.ogg,435.565,FR,EUROPE,comsan/XC584608.npy
comsan,call,60.2357,25.0058,3.0,comsan/XC673477.ogg,12.8,FI,EUROPE,comsan/XC673477.npy
comsan,call,43.0671,6.138,4.0,comsan/XC385909.ogg,6.72,FR,EUROPE,comsan/XC385909.npy
barswa,call,41.0648,1.0813,4.0,barswa/XC564035.ogg,7.444,ES,EUROPE,barswa/XC564035.npy
eaywag1,call,66.5187,66.6791,4.0,eaywag1/XC675640.ogg,15.751,RU,EUROPE,eaywag1/XC675640.npy
eaywag1,call,42.9143,3.0548,4.0,eaywag1/XC647655.ogg,6.744,FR,EUROPE,eaywag1/XC647655.npy
barswa,call,37.8954,-6.705,2.0,barswa/XC278555.ogg,39.601625,ES,EUROPE,barswa/XC278555.npy
comsan,both,37.1565,-7.5459,4.5,comsan/XC503479.ogg,54.672,PT,EUROPE,comsan/XC503479.npy
barswa,song,69.598,18.823,4.5,barswa/XC379023.ogg,35.376,NO,EUROPE,barswa/XC379023.npy
eaywag1,call,43.6073,4.2865,5.0,eaywag1/XC412711.ogg,47.281625,FR,EUROPE,eaywag1/XC412711.npy
barswa,call,50.8399,3.3177,4.0,barswa/XC234296.ogg,8.184,BE,EUROPE,barswa/XC234296.npy
barswa,call,48.0875,-123.0438,5.0,barswa/XC582626.ogg,19.905,US,AMERICAS,barswa/XC582626.npy
eaywag1,call,51.1233,4.0617,2.0,eaywag1/XC332898.ogg,9.7698125,BE,EUROPE,eaywag1/XC332898.npy
eaywag1,song,51.4213,5.4732,0.0,eaywag1/XC469610.ogg,15.699625,NL,EUROPE,eaywag1/XC469610.npy
comsan,both,60.1162,24.4686,4.5,comsan/XC239575.ogg,27.8465625,FI,EUROPE,comsan/XC239575.npy
eaywag1,song,49.634,26.2213,5.0,eaywag1/XC417164.ogg,50.496,UA,EUROPE,eaywag1/XC417164.npy
comsan,call,54.2697,8.8683,5.0,comsan/XC142817.ogg,9.5869375,DE,EUROPE,comsan/XC142817.npy
eaywag1,blank,41.2243,1.7254,5.0,eaywag1/XC747464.ogg,7.941,ES,EUROPE,eaywag1/XC747464.npy
eaywag1,blank,52.4754,13.4019,4.0,eaywag1/XC750729.ogg,11.702,DE,EUROPE,eaywag1/XC750729.npy
comsan,call,50.7347,3.2143,4.0,comsan/XC578171.ogg,21.707,BE,EUROPE,comsan/XC578171.npy
barswa,song,51.6433,105.5224,3.0,barswa/XC458630.ogg,11.376,RU,EUROPE,barswa/XC458630.npy
comsan,blank,46.2147,9.4401,1.0,comsan/XC655100.ogg,12.2514375,IT,EUROPE,comsan/XC655100.npy
barswa,both,36.4172,-6.1459,3.0,barswa/XC361743.ogg,16.58775,ES,EUROPE,barswa/XC361743.npy
eaywag1,blank,45.8257,-0.649,4.0,eaywag1/XC714228.ogg,56.664,FR,EUROPE,eaywag1/XC714228.npy
eaywag1,call,51.426,4.558,4.0,eaywag1/XC650553.ogg,31.137,BE,EUROPE,eaywag1/XC650553.npy
barswa,both,36.198,-82.777,4.0,barswa/XC56419.ogg,56.1371875,US,AMERICAS,barswa/XC56419.npy
comsan,call,60.2357,25.0058,3.0,comsan/XC552235.ogg,10.605,FI,EUROPE,comsan/XC552235.npy
barswa,song,-32.8987,26.3775,5.0,barswa/XC252931.ogg,16.368,ZA,AFRICA,barswa/XC252931.npy
eaywag1,call,53.5351,55.6013,3.0,eaywag1/XC316889.ogg,17.1624375,RU,EUROPE,eaywag1/XC316889.npy
barswa,call,47.8594,104.317,4.0,barswa/XC526924.ogg,21.2375625,MN,ASIA,barswa/XC526924.npy
comsan,blank,52.2393,-6.3464,5.0,comsan/XC749291.ogg,6.687,IE,EUROPE,comsan/XC749291.npy
comsan,call,51.4522,-9.8189,5.0,comsan/XC648403.ogg,68.362,IE,EUROPE,comsan/XC648403.npy
barswa,both,37.1253,-7.66,4.0,barswa/XC585550.ogg,75.288,PT,EUROPE,barswa/XC585550.npy
eaywag1,call,48.7568,2.1152,4.0,eaywag1/XC589278.ogg,13.32,FR,EUROPE,eaywag1/XC589278.npy
comsan,call,42.9037,13.9077,4.0,comsan/XC433334.ogg,24.006,IT,EUROPE,comsan/XC433334.npy
comsan,call,60.134,25.0301,5.0,comsan/XC646223.ogg,10.266,FI,EUROPE,comsan/XC646223.npy
eaywag1,call,50.9865,1.9695,4.0,eaywag1/XC672912.ogg,12.984,FR,EUROPE,eaywag1/XC672912.npy
eaywag1,song,48.0038,10.9589,5.0,eaywag1/XC685504.ogg,24.68575,DE,EUROPE,eaywag1/XC685504.npy
barswa,both,48.44,3.2828,5.0,barswa/XC309194.ogg,18.5730625,FR,EUROPE,barswa/XC309194.npy
comsan,call,37.1379,-7.6303,5.0,comsan/XC594340.ogg,17.496,PT,EUROPE,comsan/XC594340.npy
eaywag1,call,42.6416,27.6128,2.0,eaywag1/XC533905.ogg,8.6988125,BG,EUROPE,eaywag1/XC533905.npy
eaywag1,call,50.373,8.8616,3.0,eaywag1/XC316227.ogg,29.570625,DE,EUROPE,eaywag1/XC316227.npy
eaywag1,call,56.1297,47.3682,2.0,eaywag1/XC133615.ogg,13.5053125,RU,EUROPE,eaywag1/XC133615.npy
eaywag1,song,69.3638,88.168,4.0,eaywag1/XC675971.ogg,18.364,RU,EUROPE,eaywag1/XC675971.npy
barswa,call,13.8549,100.4735,4.0,barswa/XC396335.ogg,18.6253125,TH,ASIA,barswa/XC396335.npy
eaywag1,call,67.6375,52.9032,3.0,eaywag1/XC378011.ogg,11.46775,RU,EUROPE,eaywag1/XC378011.npy
comsan,song,64.191,21.113,4.5,comsan/XC662508.ogg,63.312,SE,EUROPE,comsan/XC662508.npy
comsan,call,60.134,25.0301,3.0,comsan/XC672320.ogg,29.387,FI,EUROPE,comsan/XC672320.npy
comsan,call,52.0612,5.371,4.0,comsan/XC429319.ogg,5.904,NL,EUROPE,comsan/XC429319.npy
eaywag1,call,49.4961,23.9346,0.0,eaywag1/XC452721.ogg,17.92,UA,EUROPE,eaywag1/XC452721.npy
eaywag1,call,53.9299,-2.9833,2.5,eaywag1/XC624101.ogg,36.20575,GB,EUROPE,eaywag1/XC624101.npy
eaywag1,song,49.634,26.2213,4.5,eaywag1/XC417163.ogg,91.896,UA,EUROPE,eaywag1/XC417163.npy
comsan,call,45.8271,1.293,5.0,comsan/XC580713.ogg,23.04,FR,EUROPE,comsan/XC580713.npy
eaywag1,call,58.9279,22.0413,1.5,eaywag1/XC476682.ogg,27.8726875,EE,EUROPE,eaywag1/XC476682.npy
barswa,call,37.1866,-7.4373,3.5,barswa/XC486167.ogg,26.568,PT,EUROPE,barswa/XC486167.npy
comsan,call,59.3158,18.0588,3.0,comsan/XC559357.ogg,7.105,SE,EUROPE,comsan/XC559357.npy
comsan,call,41.8354,-8.8747,3.0,comsan/XC669969.ogg,16.927,PT,EUROPE,comsan/XC669969.npy
eaywag1,call,48.0372,-4.8622,4.0,eaywag1/XC588581.ogg,42.984,FR,EUROPE,eaywag1/XC588581.npy
comsan,call,60.2357,25.0058,3.0,comsan/XC584742.ogg,5.172,FI,EUROPE,comsan/XC584742.npy
comsan,call,60.2357,25.0058,0.0,comsan/XC558205.ogg,39.68,FI,EUROPE,comsan/XC558205.npy
comsan,call,59.3158,18.0588,3.0,comsan/XC559838.ogg,25.678,SE,EUROPE,comsan/XC559838.npy
barswa,song,-37.7214,-57.4295,4.0,barswa/XC52061.ogg,5.7730625,AR,AMERICAS,barswa/XC52061.npy
eaywag1,blank,51.1186,4.3055,5.0,eaywag1/XC741363.ogg,26.976,BE,EUROPE,eaywag1/XC741363.npy
eaywag1,call,47.293,9.5736,3.0,eaywag1/XC617527.ogg,28.107,AT,EUROPE,eaywag1/XC617527.npy
eaywag1,call,51.4812,-9.7785,4.0,eaywag1/XC687218.ogg,31.791,IE,EUROPE,eaywag1/XC687218.npy
barswa,call,45.8723,10.8669,2.0,barswa/XC465274.ogg,6.452,IT,EUROPE,barswa/XC465274.npy
comsan,call,48.459,-5.1292,4.0,comsan/XC584481.ogg,36.858,FR,EUROPE,comsan/XC584481.npy
comsan,call,46.5376,-1.2117,3.0,comsan/XC665392.ogg,5.276,FR,EUROPE,comsan/XC665392.npy
barswa,call,19.3055,-99.3884,4.0,barswa/XC263623.ogg,17.4759375,MX,AMERICAS,barswa/XC263623.npy
barswa,blank,41.8074,-8.8626,4.0,barswa/XC736962.ogg,19.644,PT,EUROPE,barswa/XC736962.npy
eaywag1,call,53.9299,-2.9833,3.0,eaywag1/XC507670.ogg,20.7935,GB,EUROPE,eaywag1/XC507670.npy
barswa,call,38.2481,35.2006,4.0,barswa/XC557394.ogg,15.307,TR,ASIA,barswa/XC557394.npy
comsan,both,68.6501,19.8152,4.0,comsan/XC210583.ogg,13.488,NO,EUROPE,comsan/XC210583.npy
eaywag1,song,52.1574,14.0934,4.5,eaywag1/XC314267.ogg,70.530625,DE,EUROPE,eaywag1/XC314267.npy
eaywag1,call,49.3019,-1.3259,5.0,eaywag1/XC480690.ogg,18.05,FR,EUROPE,eaywag1/XC480690.npy
barswa,both,35.4876,136.1191,3.5,barswa/XC225377.ogg,63.144,JP,ASIA,barswa/XC225377.npy
eaywag1,call,54.1633,13.3956,3.5,eaywag1/XC657044.ogg,8.808,DE,EUROPE,eaywag1/XC657044.npy
eaywag1,blank,43.3298,4.8364,4.0,eaywag1/XC718543.ogg,32.4,FR,EUROPE,eaywag1/XC718543.npy
comsan,blank,39.3544,-0.3164,5.0,comsan/XC738816.ogg,36.44,ES,EUROPE,comsan/XC738816.npy
eaywag1,call,48.0372,-4.8622,5.0,eaywag1/XC587267.ogg,5.64,FR,EUROPE,eaywag1/XC587267.npy
barswa,call,53.7784,20.4487,3.5,barswa/XC501004.ogg,57.2081875,PL,EUROPE,barswa/XC501004.npy
comsan,call,50.1191,18.9721,3.0,comsan/XC489034.ogg,6.426125,PL,EUROPE,comsan/XC489034.npy
eaywag1,call,43.5352,-1.4475,4.0,eaywag1/XC588270.ogg,5.9298125,FR,EUROPE,eaywag1/XC588270.npy
eaywag1,song,56.1286,47.3598,4.0,eaywag1/XC133266.ogg,42.9714375,RU,EUROPE,eaywag1/XC133266.npy
comsan,call,60.2411,25.18,4.5,comsan/XC489268.ogg,6.556,FI,EUROPE,comsan/XC489268.npy
eaywag1,blank,59.8841,-1.2993,3.5,eaywag1/XC728929.ogg,13.1135,GB,EUROPE,eaywag1/XC728929.npy
barswa,call,1.4226,103.7266,4.5,barswa/XC464253.ogg,72.5159375,SG,ASIA,barswa/XC464253.npy
barswa,call,53.9299,-2.9833,2.0,barswa/XC690505.ogg,26.2008125,GB,EUROPE,barswa/XC690505.npy
barswa,call,37.1866,-7.4373,4.5,barswa/XC486212.ogg,73.248,PT,EUROPE,barswa/XC486212.npy
barswa,both,36.4172,-6.1459,3.0,barswa/XC361222.ogg,33.22775,ES,EUROPE,barswa/XC361222.npy
barswa,both,36.4172,-6.1459,5.0,barswa/XC361815.ogg,28.029375,ES,EUROPE,barswa/XC361815.npy
comsan,blank,15.1263,-23.523,5.0,comsan/XC720726.ogg,5.424,CV,AFRICA,comsan/XC720726.npy
barswa,blank,53.5971,-6.3923,5.0,barswa/XC720336.ogg,32.136,IE,EUROPE,barswa/XC720336.npy
comsan,call,65.1761,18.8739,5.0,comsan/XC565358.ogg,13.714,SE,EUROPE,comsan/XC565358.npy
eaywag1,call,36.8149,-6.3366,4.0,eaywag1/XC338361.ogg,6.609,ES,EUROPE,eaywag1/XC338361.npy
comsan,call,43.4917,-8.2014,5.0,comsan/XC666712.ogg,32.952,ES,EUROPE,comsan/XC666712.npy
barswa,call,31.9237,-81.0559,4.5,barswa/XC576324.ogg,33.936,US,AMERICAS,barswa/XC576324.npy
eaywag1,call,39.1382,66.8735,3.0,eaywag1/XC185697.ogg,25.7045,UZ,ASIA,eaywag1/XC185697.npy
eaywag1,song,52.9044,23.8263,5.0,eaywag1/XC345951.ogg,50.8343125,PL,EUROPE,eaywag1/XC345951.npy
eaywag1,call,50.7113,69.9577,4.0,eaywag1/XC145101.ogg,12.773875,KZ,ASIA,eaywag1/XC145101.npy
eaywag1,call,26.0613,76.335,4.0,eaywag1/XC527600.ogg,6.24325,IN,ASIA,eaywag1/XC527600.npy
comsan,call,43.0353,-1.0203,4.0,comsan/XC689927.ogg,31.2163125,FR,EUROPE,comsan/XC689927.npy
eaywag1,song,60.2146,25.0101,4.5,eaywag1/XC672435.ogg,107.4,FI,EUROPE,eaywag1/XC672435.npy
eaywag1,call,48.7568,2.1152,1.5,eaywag1/XC526965.ogg,48.312,FR,EUROPE,eaywag1/XC526965.npy
comsan,call,51.3967,14.8272,3.5,comsan/XC382558.ogg,7.2098125,DE,EUROPE,comsan/XC382558.npy
barswa,call,36.1248,-5.4962,3.0,barswa/XC330429.ogg,7.549375,ES,EUROPE,barswa/XC330429.npy
barswa,call,52.456,10.1783,4.0,barswa/XC667845.ogg,21.864,DE,EUROPE,barswa/XC667845.npy
barswa,call,51.2617,1.3869,4.0,barswa/XC267929.ogg,27.5069375,GB,EUROPE,barswa/XC267929.npy
barswa,song,49.634,26.2213,3.0,barswa/XC306046.ogg,20.352,UA,EUROPE,barswa/XC306046.npy
barswa,call,44.8372,-93.3769,4.0,barswa/XC568943.ogg,6.164,US,AMERICAS,barswa/XC568943.npy
comsan,call,61.8419,16.6154,4.5,comsan/XC574299.ogg,45.244125,SE,EUROPE,comsan/XC574299.npy
comsan,call,34.7416,134.807,4.0,comsan/XC353446.ogg,22.848,JP,ASIA,comsan/XC353446.npy
comsan,call,53.9299,-2.9833,3.0,comsan/XC524730.ogg,24.529,GB,EUROPE,comsan/XC524730.npy
barswa,both,38.1518,21.3854,5.0,barswa/XC383822.ogg,129.175,GR,EUROPE,barswa/XC383822.npy
barswa,song,60.3464,11.6468,4.0,barswa/XC177243.ogg,68.856,NO,EUROPE,barswa/XC177243.npy
barswa,call,51.6424,105.5332,4.0,barswa/XC457812.ogg,212.136,RU,EUROPE,barswa/XC457812.npy
comsan,call,53.6719,-1.7852,4.0,comsan/XC670095.ogg,5.2245,GB,EUROPE,comsan/XC670095.npy
barswa,blank,41.8074,-8.8626,5.0,barswa/XC742351.ogg,9.952,PT,EUROPE,barswa/XC742351.npy
eaywag1,call,66.5187,66.6791,3.0,eaywag1/XC675614.ogg,15.229,RU,EUROPE,eaywag1/XC675614.npy
eaywag1,call,53.9299,-2.9833,3.5,eaywag1/XC507665.ogg,26.5926875,GB,EUROPE,eaywag1/XC507665.npy
eaywag1,call,46.925,9.9077,2.5,eaywag1/XC673580.ogg,30.3281875,AT,EUROPE,eaywag1/XC673580.npy
eaywag1,call,53.5267,22.8439,3.5,eaywag1/XC663203.ogg,15.144,PL,EUROPE,eaywag1/XC663203.npy
barswa,blank,44.3195,15.1858,5.0,barswa/XC728028.ogg,10.728,HR,EUROPE,barswa/XC728028.npy
barswa,call,37.3367,-6.5334,3.0,barswa/XC327364.ogg,13.8188125,ES,EUROPE,barswa/XC327364.npy
comsan,call,53.9299,-2.9833,3.0,comsan/XC499613.ogg,21.655,GB,EUROPE,comsan/XC499613.npy
barswa,both,36.4172,-6.1459,2.0,barswa/XC361230.ogg,45.6098125,ES,EUROPE,barswa/XC361230.npy
barswa,both,60.2433,25.1925,3.5,barswa/XC665636.ogg,49.968,FI,EUROPE,barswa/XC665636.npy
comsan,call,39.1382,66.8735,3.0,comsan/XC185459.ogg,10.9714375,UZ,ASIA,comsan/XC185459.npy
eaywag1,call,53.5001,22.7334,4.0,eaywag1/XC25496.ogg,24.241625,PL,EUROPE,eaywag1/XC25496.npy
eaywag1,both,47.1118,61.333,3.5,eaywag1/XC182667.ogg,60.96,KZ,ASIA,eaywag1/XC182667.npy
eaywag1,call,54.1191,13.376,3.5,eaywag1/XC658750.ogg,49.68,DE,EUROPE,eaywag1/XC658750.npy
eaywag1,call,71.964,102.4406,4.0,eaywag1/XC675531.ogg,17.423,RU,EUROPE,eaywag1/XC675531.npy
barswa,blank,55.1479,10.0192,4.0,barswa/XC738298.ogg,11.1020625,DK,EUROPE,barswa/XC738298.npy
comsan,call,50.1191,18.9721,2.0,comsan/XC581189.ogg,23.784,PL,EUROPE,comsan/XC581189.npy
comsan,song,53.4159,-1.6413,4.0,comsan/XC368316.ogg,10.266,GB,EUROPE,comsan/XC368316.npy
eaywag1,call,42.1239,-0.4514,4.0,eaywag1/XC586213.ogg,17.4236875,ES,EUROPE,eaywag1/XC586213.npy
eaywag1,call,51.408,-3.1736,3.0,eaywag1/XC673221.ogg,19.879,GB,EUROPE,eaywag1/XC673221.npy
barswa,song,17.5344,-99.4866,3.0,barswa/XC319599.ogg,108.3559375,MX,AMERICAS,barswa/XC319599.npy
barswa,call,42.4822,24.3437,4.0,barswa/XC239627.ogg,63.768,BG,EUROPE,barswa/XC239627.npy
barswa,call,,,3.5,barswa/XC192549.ogg,9.408,UNKNOWN,UNKNOWN,barswa/XC192549.npy
eaywag1,call,59.2277,23.5114,3.5,eaywag1/XC584625.ogg,116.375,EE,EUROPE,eaywag1/XC584625.npy
comsan,blank,59.9674,17.9371,2.5,comsan/XC724613.ogg,19.67,SE,EUROPE,comsan/XC724613.npy
barswa,call,,,1.0,barswa/XC169360.ogg,12.016,UNKNOWN,UNKNOWN,barswa/XC169360.npy
eaywag1,call,42.965,9.4512,5.0,eaywag1/XC471565.ogg,10.7624375,FR,EUROPE,eaywag1/XC471565.npy
eaywag1,call,45.1387,18.3348,4.5,eaywag1/XC670325.ogg,22.595,HR,EUROPE,eaywag1/XC670325.npy
comsan,call,50.8297,3.2408,4.0,comsan/XC559771.ogg,7.752,BE,EUROPE,comsan/XC559771.npy
barswa,song,52.964,0.605,1.0,barswa/XC542504.ogg,17.952,GB,EUROPE,barswa/XC542504.npy
eaywag1,both,53.201,22.398,3.5,eaywag1/XC190183.ogg,48.666125,PL,EUROPE,eaywag1/XC190183.npy
comsan,call,51.4812,-9.7785,4.0,comsan/XC686341.ogg,18.938,IE,EUROPE,comsan/XC686341.npy
eaywag1,call,58.9218,23.0286,2.5,eaywag1/XC563770.ogg,15.36,EE,EUROPE,eaywag1/XC563770.npy
barswa,call,41.2243,1.7254,5.0,barswa/XC675784.ogg,15.856,ES,EUROPE,barswa/XC675784.npy
comsan,call,52.3857,-1.7909,4.0,comsan/XC582068.ogg,13.944,GB,EUROPE,comsan/XC582068.npy
eaywag1,call,41.634,0.523,3.5,eaywag1/XC310618.ogg,16.032,ES,EUROPE,eaywag1/XC310618.npy
comsan,song,60.7757,11.2272,5.0,comsan/XC157223.ogg,21.696,NO,EUROPE,comsan/XC157223.npy
barswa,song,46.1028,8.6971,5.0,barswa/XC375583.ogg,5.955,CH,EUROPE,barswa/XC375583.npy
eaywag1,call,69.3253,87.3168,3.5,eaywag1/XC675508.ogg,6.974,RU,EUROPE,eaywag1/XC675508.npy
eaywag1,song,49.634,26.2213,2.0,eaywag1/XC306266.ogg,62.088,UA,EUROPE,eaywag1/XC306266.npy
eaywag1,song,46.0192,61.846,5.0,eaywag1/XC184434.ogg,63.921625,KZ,ASIA,eaywag1/XC184434.npy
barswa,call,46.925,9.9077,3.0,barswa/XC677139.ogg,12.1991875,AT,EUROPE,barswa/XC677139.npy
eaywag1,song,51.6228,0.0982,1.5,eaywag1/XC377413.ogg,26.568,GB,EUROPE,eaywag1/XC377413.npy
eaywag1,call,42.6416,27.6128,3.0,eaywag1/XC533906.ogg,10.9191875,BG,EUROPE,eaywag1/XC533906.npy
comsan,call,43.7412,-7.867,5.0,comsan/XC644076.ogg,8.04575,ES,EUROPE,comsan/XC644076.npy
eaywag1,call,53.9299,-2.9833,2.5,eaywag1/XC530537.ogg,29.0481875,GB,EUROPE,eaywag1/XC530537.npy
comsan,call,51.9839,5.3368,3.0,comsan/XC465498.ogg,10.08,NL,EUROPE,comsan/XC465498.npy
eaywag1,call,43.6073,4.2865,0.0,eaywag1/XC412710.ogg,22.4391875,FR,EUROPE,eaywag1/XC412710.npy
eaywag1,blank,58.3319,14.8191,4.5,eaywag1/XC726518.ogg,26.749375,SE,EUROPE,eaywag1/XC726518.npy
comsan,call,57.5488,-3.8241,1.0,comsan/XC473146.ogg,14.7069375,GB,EUROPE,comsan/XC473146.npy
barswa,call,38.1103,-84.4921,4.5,barswa/XC327328.ogg,15.30775,US,AMERICAS,barswa/XC327328.npy
eaywag1,song,49.634,26.2213,4.5,eaywag1/XC373755.ogg,83.784,UA,EUROPE,eaywag1/XC373755.npy
eaywag1,blank,43.3298,4.8364,4.0,eaywag1/XC718442.ogg,12.5388125,FR,EUROPE,eaywag1/XC718442.npy
eaywag1,call,42.965,9.4512,5.0,eaywag1/XC471811.ogg,17.8155,FR,EUROPE,eaywag1/XC471811.npy
eaywag1,call,54.6807,8.7543,5.0,eaywag1/XC671830.ogg,17.867,DE,EUROPE,eaywag1/XC671830.npy
comsan,call,51.9036,-8.4871,4.0,comsan/XC587627.ogg,9.769,IE,EUROPE,comsan/XC587627.npy
comsan,call,36.8149,-6.3366,3.0,comsan/XC338207.ogg,38.635125,ES,EUROPE,comsan/XC338207.npy
comsan,blank,53.9299,-2.9833,2.5,comsan/XC702785.ogg,55.431875,GB,EUROPE,comsan/XC702785.npy
comsan,blank,39.3544,-0.3164,5.0,comsan/XC739022.ogg,34.742,ES,EUROPE,comsan/XC739022.npy
eaywag1,call,41.0992,1.1604,4.0,eaywag1/XC591943.ogg,9.912,ES,EUROPE,eaywag1/XC591943.npy
comsan,call,37.3533,-5.8855,3.0,comsan/XC285136.ogg,21.1069375,ES,EUROPE,comsan/XC285136.npy
eaywag1,call,64.191,21.113,5.0,eaywag1/XC677350.ogg,46.053,SE,EUROPE,eaywag1/XC677350.npy
comsan,call,60.2357,25.0058,1.0,comsan/XC554068.ogg,25.6,FI,EUROPE,comsan/XC554068.npy
comsan,call,51.8096,16.6488,2.5,comsan/XC569701.ogg,20.1143125,PL,EUROPE,comsan/XC569701.npy
comsan,call,42.337147,2.512696,3.0,comsan/XC587850.ogg,32.3135,ES,EUROPE,comsan/XC587850.npy
eaywag1,call,53.6802,58.8524,4.5,eaywag1/XC317370.ogg,50.4163125,RU,EUROPE,eaywag1/XC317370.npy
eaywag1,song,41.8278,-7.8107,4.5,eaywag1/XC425851.ogg,25.991875,PT,EUROPE,eaywag1/XC425851.npy
barswa,song,42.3534,-0.7945,5.0,barswa/XC574966.ogg,115.069375,ES,EUROPE,barswa/XC574966.npy
eaywag1,call,41.4875,2.3653,3.0,eaywag1/XC675695.ogg,56.555125,ES,EUROPE,eaywag1/XC675695.npy
comsan,call,40.7618,-3.7786,3.0,comsan/XC550694.ogg,9.2735,ES,EUROPE,comsan/XC550694.npy
comsan,both,60.1379,24.6917,4.5,comsan/XC370350.ogg,66.168,FI,EUROPE,comsan/XC370350.npy
eaywag1,call,48.8659,1.9428,4.0,eaywag1/XC544234.ogg,27.48,FR,EUROPE,eaywag1/XC544234.npy
eaywag1,call,48.0372,-4.8622,4.0,eaywag1/XC588472.ogg,17.832,FR,EUROPE,eaywag1/XC588472.npy
comsan,call,57.0161,-6.2787,4.0,comsan/XC663717.ogg,78.0,GB,EUROPE,comsan/XC663717.npy
barswa,call,37.1893,-5.9122,3.0,barswa/XC282921.ogg,10.8408125,ES,EUROPE,barswa/XC282921.npy
eaywag1,call,41.8354,-8.8747,5.0,eaywag1/XC670596.ogg,18.39,PT,EUROPE,eaywag1/XC670596.npy
barswa,call,53.061,11.457,4.5,barswa/XC147199.ogg,206.106125,DE,EUROPE,barswa/XC147199.npy
barswa,call,-10.7536,25.5216,2.0,barswa/XC394400.ogg,8.6465625,CD,AFRICA,barswa/XC394400.npy
comsan,call,60.4849,27.7396,5.0,comsan/XC342917.ogg,16.90125,FI,EUROPE,comsan/XC342917.npy
barswa,song,45.5598,18.6564,5.0,barswa/XC657707.ogg,8.616,HR,EUROPE,barswa/XC657707.npy
comsan,call,41.2243,1.7254,5.0,comsan/XC648450.ogg,47.777,ES,EUROPE,comsan/XC648450.npy
eaywag1,call,46.925,9.9077,3.0,eaywag1/XC673591.ogg,10.527375,AT,EUROPE,eaywag1/XC673591.npy
comsan,call,50.1191,18.9721,1.5,comsan/XC469618.ogg,37.27675,PL,EUROPE,comsan/XC469618.npy
comsan,call,51.9824,7.613,4.0,comsan/XC614843.ogg,5.48575,DE,EUROPE,comsan/XC614843.npy
comsan,blank,48.2362,14.4735,5.0,comsan/XC722382.ogg,490.968,AT,EUROPE,comsan/XC722382.npy
barswa,call,51.3672,5.8406,3.0,barswa/XC672598.ogg,10.083,NL,EUROPE,barswa/XC672598.npy
barswa,call,53.1234,-1.9189,5.0,barswa/XC383832.ogg,17.86775,GB,EUROPE,barswa/XC383832.npy
comsan,call,52.0612,5.371,4.0,comsan/XC429320.ogg,27.816,NL,EUROPE,comsan/XC429320.npy
eaywag1,both,47.6137,-0.4994,0.0,eaywag1/XC476854.ogg,55.224,FR,EUROPE,eaywag1/XC476854.npy
comsan,blank,57.0161,-6.2787,4.0,comsan/XC719617.ogg,11.688,GB,EUROPE,comsan/XC719617.npy
comsan,blank,63.4616,19.6267,5.0,comsan/XC723424.ogg,85.342,SE,EUROPE,comsan/XC723424.npy
comsan,call,43.5352,-1.4475,5.0,comsan/XC580678.ogg,40.097,FR,EUROPE,comsan/XC580678.npy
eaywag1,blank,49.634,26.2213,5.0,eaywag1/XC725387.ogg,16.488,UA,EUROPE,eaywag1/XC725387.npy
comsan,call,54.949,-1.48,4.0,comsan/XC644604.ogg,7.497,GB,EUROPE,comsan/XC644604.npy
eaywag1,call,42.965,9.4512,5.0,eaywag1/XC471557.ogg,14.6808125,FR,EUROPE,eaywag1/XC471557.npy
barswa,blank,-33.2377,26.9574,5.0,barswa/XC713037.ogg,58.331,ZA,AFRICA,barswa/XC713037.npy
barswa,blank,30.8664,121.7294,5.0,barswa/XC720444.ogg,26.472,CN,ASIA,barswa/XC720444.npy
comsan,call,40.8591,-6.8807,3.5,comsan/XC594463.ogg,31.921625,PT,EUROPE,comsan/XC594463.npy
eaywag1,call,42.6416,27.6128,3.0,eaywag1/XC533907.ogg,22.151875,BG,EUROPE,eaywag1/XC533907.npy
barswa,song,,,2.0,barswa/XC176095.ogg,49.214,UNKNOWN,UNKNOWN,barswa/XC176095.npy
comsan,call,52.1593,5.3563,3.0,comsan/XC378715.ogg,10.08,NL,EUROPE,comsan/XC378715.npy
comsan,call,43.1896,-0.4409,4.0,comsan/XC665470.ogg,6.55675,FR,EUROPE,comsan/XC665470.npy
comsan,blank,37.1357,-7.6138,5.0,comsan/XC743066.ogg,22.896,PT,EUROPE,comsan/XC743066.npy
comsan,call,41.2243,1.7254,5.0,comsan/XC666071.ogg,13.087,ES,EUROPE,comsan/XC666071.npy
eaywag1,song,59.5157,16.4603,5.0,eaywag1/XC294686.ogg,23.484125,SE,EUROPE,eaywag1/XC294686.npy
comsan,call,48.9823,2.1633,5.0,comsan/XC606397.ogg,52.584,FR,EUROPE,comsan/XC606397.npy
eaywag1,blank,43.3298,4.8364,4.0,eaywag1/XC718471.ogg,9.72,FR,EUROPE,eaywag1/XC718471.npy
comsan,call,56.1211,47.5042,5.0,comsan/XC197017.ogg,12.0424375,RU,EUROPE,comsan/XC197017.npy
barswa,both,42.3854,-76.35,3.5,barswa/XC422735.ogg,33.410625,US,AMERICAS,barswa/XC422735.npy
eaywag1,song,43.5118,3.8367,3.0,eaywag1/XC567939.ogg,10.031,FR,EUROPE,eaywag1/XC567939.npy
comsan,blank,54.2081,-0.2889,2.0,comsan/XC723065.ogg,19.252,GB,EUROPE,comsan/XC723065.npy
comsan,call,48.0372,-4.8622,3.0,comsan/XC526483.ogg,21.072,FR,EUROPE,comsan/XC526483.npy
comsan,call,57.0161,-6.2787,4.0,comsan/XC665633.ogg,39.288,GB,EUROPE,comsan/XC665633.npy
eaywag1,call,51.0771,-1.7952,1.0,eaywag1/XC431856.ogg,38.217,GB,EUROPE,eaywag1/XC431856.npy
comsan,call,60.1199,10.8444,2.0,comsan/XC557397.ogg,5.172,NO,EUROPE,comsan/XC557397.npy
barswa,call,48.2741,10.8188,2.0,barswa/XC593399.ogg,18.912,DE,EUROPE,barswa/XC593399.npy
eaywag1,call,50.601,70.0206,4.0,eaywag1/XC145074.ogg,7.83675,KZ,ASIA,eaywag1/XC145074.npy
eaywag1,call,71.964,102.4406,3.5,eaywag1/XC675517.ogg,94.119,RU,EUROPE,eaywag1/XC675517.npy
eaywag1,call,67.4613,78.7087,4.0,eaywag1/XC675681.ogg,9.482,RU,EUROPE,eaywag1/XC675681.npy
eaywag1,call,50.1263,59.0844,3.0,eaywag1/XC182483.ogg,21.072,KZ,ASIA,eaywag1/XC182483.npy
comsan,call,43.7412,-7.867,4.0,comsan/XC658349.ogg,10.919,ES,EUROPE,comsan/XC658349.npy
comsan,call,50.7193,3.2228,1.0,comsan/XC553458.ogg,7.3926875,BE,EUROPE,comsan/XC553458.npy
eaywag1,call,54.1343,13.3947,3.5,eaywag1/XC656825.ogg,113.904,DE,EUROPE,eaywag1/XC656825.npy
barswa,call,42.7898,-71.7671,3.5,barswa/XC600295.ogg,37.704,US,AMERICAS,barswa/XC600295.npy
eaywag1,call,46.4728,82.7732,3.0,eaywag1/XC642025.ogg,14.262,CN,ASIA,eaywag1/XC642025.npy
eaywag1,call,71.964,102.4406,4.0,eaywag1/XC675536.ogg,20.845,RU,EUROPE,eaywag1/XC675536.npy
eaywag1,blank,47.4574,92.2284,3.0,eaywag1/XC750843.ogg,7.575,MN,ASIA,eaywag1/XC750843.npy
barswa,song,51.4226,23.1201,5.0,barswa/XC134349.ogg,104.4375625,PL,EUROPE,barswa/XC134349.npy
barswa,song,57.2367,18.6766,5.0,barswa/XC289357.ogg,10.7363125,SE,EUROPE,barswa/XC289357.npy
comsan,call,49.4434,21.9175,4.0,comsan/XC422057.ogg,5.256,PL,EUROPE,comsan/XC422057.npy
comsan,call,54.2707,8.8709,4.0,comsan/XC435528.ogg,36.6498125,DE,EUROPE,comsan/XC435528.npy
barswa,both,36.4172,-6.1459,4.0,barswa/XC361219.ogg,27.03675,ES,EUROPE,barswa/XC361219.npy
eaywag1,song,39.4715,64.5245,5.0,eaywag1/XC184873.ogg,21.969,UZ,ASIA,eaywag1/XC184873.npy
eaywag1,both,43.7589,69.4844,5.0,eaywag1/XC155710.ogg,66.0375625,KZ,ASIA,eaywag1/XC155710.npy
comsan,blank,51.225,-2.978,3.0,comsan/XC578205.ogg,18.648,GB,EUROPE,comsan/XC578205.npy
comsan,call,43.5352,-1.4475,4.0,comsan/XC572605.ogg,5.146,FR,EUROPE,comsan/XC572605.npy
barswa,song,54.5789,11.9284,4.0,barswa/XC331493.ogg,10.266125,DK,EUROPE,barswa/XC331493.npy
barswa,song,29.2692,-108.1172,4.5,barswa/XC677197.ogg,129.696,MX,AMERICAS,barswa/XC677197.npy
barswa,call,52.1346,5.1221,5.0,barswa/XC394763.ogg,37.6424375,NL,EUROPE,barswa/XC394763.npy
comsan,call,-10.7644,25.6804,3.0,comsan/XC395281.ogg,13.7404375,CD,AFRICA,comsan/XC395281.npy
comsan,call,16.866,75.7371,4.0,comsan/XC514732.ogg,5.538,IN,ASIA,comsan/XC514732.npy
comsan,call,50.6624,4.6083,3.0,comsan/XC587026.ogg,32.809,BE,EUROPE,comsan/XC587026.npy
barswa,song,44.0635,1.9515,4.0,barswa/XC644163.ogg,105.072,FR,EUROPE,barswa/XC644163.npy
comsan,call,52.0612,5.371,3.0,comsan/XC434764.ogg,16.091,NL,EUROPE,comsan/XC434764.npy
barswa,call,52.3143,4.821,5.0,barswa/XC579896.ogg,6.744,NL,EUROPE,barswa/XC579896.npy
eaywag1,both,53.6802,58.8524,3.5,eaywag1/XC317410.ogg,25.65225,RU,EUROPE,eaywag1/XC317410.npy
comsan,call,41.8074,-8.8626,4.0,comsan/XC670080.ogg,11.206,PT,EUROPE,comsan/XC670080.npy
barswa,both,46.0192,61.846,3.0,barswa/XC184418.ogg,60.4735,KZ,ASIA,barswa/XC184418.npy
barswa,both,53.9299,-2.9833,2.5,barswa/XC690499.ogg,24.502875,GB,EUROPE,barswa/XC690499.npy
comsan,blank,45.2766,6.8171,5.0,comsan/XC738502.ogg,47.904,FR,EUROPE,comsan/XC738502.npy
eaywag1,call,51.4812,-9.7785,3.0,eaywag1/XC687209.ogg,69.041,IE,EUROPE,eaywag1/XC687209.npy
eaywag1,call,43.3919,-5.1829,4.0,eaywag1/XC577322.ogg,127.608,ES,EUROPE,eaywag1/XC577322.npy
eaywag1,call,41.4875,2.3653,5.0,eaywag1/XC636437.ogg,7.272,ES,EUROPE,eaywag1/XC636437.npy
comsan,call,52.456,10.1783,2.5,comsan/XC667850.ogg,11.572,DE,EUROPE,comsan/XC667850.npy
comsan,blank,41.3757,2.1798,3.0,comsan/XC752708.ogg,7.728,ES,EUROPE,comsan/XC752708.npy
comsan,blank,43.6298,-1.4415,5.0,comsan/XC744944.ogg,41.832,FR,EUROPE,comsan/XC744944.npy
comsan,call,48.459,-5.1292,5.0,comsan/XC584397.ogg,141.217,FR,EUROPE,comsan/XC584397.npy
barswa,song,41.5048,0.547,5.0,barswa/XC333650.ogg,50.472,ES,EUROPE,barswa/XC333650.npy
eaywag1,both,47.017,89.759,3.5,eaywag1/XC677332.ogg,28.447,CN,ASIA,eaywag1/XC677332.npy
comsan,call,51.8061,16.6513,4.5,comsan/XC622858.ogg,12.3036875,PL,EUROPE,comsan/XC622858.npy
barswa,call,47.205,9.6881,2.5,barswa/XC667153.ogg,35.4220625,AT,EUROPE,barswa/XC667153.npy
comsan,blank,54.949,-1.48,5.0,comsan/XC721149.ogg,23.98,GB,EUROPE,comsan/XC721149.npy
comsan,blank,43.7412,-7.867,4.0,comsan/XC722001.ogg,6.086,ES,EUROPE,comsan/XC722001.npy
comsan,call,51.9036,-8.4871,3.0,comsan/XC546199.ogg,17.371,IE,EUROPE,comsan/XC546199.npy
comsan,call,29.5608,47.7639,5.0,comsan/XC342915.ogg,5.17225,KW,ASIA,comsan/XC342915.npy
eaywag1,song,53.5267,22.8439,4.0,eaywag1/XC663315.ogg,16.728,PL,EUROPE,eaywag1/XC663315.npy
comsan,call,41.8354,-8.8747,3.0,comsan/XC675776.ogg,8.646,PT,EUROPE,comsan/XC675776.npy
comsan,call,36.8149,-6.3366,4.0,comsan/XC338208.ogg,33.724125,ES,EUROPE,comsan/XC338208.npy
eaywag1,song,49.634,26.2213,2.5,eaywag1/XC376343.ogg,138.072,UA,EUROPE,eaywag1/XC376343.npy
eaywag1,call,53.5267,22.8439,3.5,eaywag1/XC662683.ogg,87.648,PL,EUROPE,eaywag1/XC662683.npy
barswa,call,45.0855,-108.6649,2.5,barswa/XC377080.ogg,16.2,US,AMERICAS,barswa/XC377080.npy
barswa,both,50.8797,19.7505,5.0,barswa/XC652315.ogg,68.362,PL,EUROPE,barswa/XC652315.npy
barswa,song,51.6424,105.5332,3.0,barswa/XC457804.ogg,48.576,RU,EUROPE,barswa/XC457804.npy
eaywag1,call,47.1147,20.0626,3.5,eaywag1/XC134075.ogg,6.34775,HU,EUROPE,eaywag1/XC134075.npy
comsan,blank,48.6715,2.0578,4.0,comsan/XC702328.ogg,25.025,FR,EUROPE,comsan/XC702328.npy
eaywag1,blank,37.1357,-7.6138,3.5,eaywag1/XC713139.ogg,35.76,PT,EUROPE,eaywag1/XC713139.npy
comsan,both,45.7825,5.7836,3.5,comsan/XC237059.ogg,18.2335,FR,EUROPE,comsan/XC237059.npy
barswa,both,69.6049,18.8321,4.5,barswa/XC674253.ogg,52.992,NO,EUROPE,barswa/XC674253.npy
eaywag1,call,37.1357,-7.6138,5.0,eaywag1/XC481362.ogg,38.568,PT,EUROPE,eaywag1/XC481362.npy
comsan,call,48.4594,-5.1294,4.0,comsan/XC584609.ogg,599.902,FR,EUROPE,comsan/XC584609.npy
eaywag1,blank,43.3298,4.8364,4.0,eaywag1/XC718473.ogg,44.976,FR,EUROPE,eaywag1/XC718473.npy
barswa,blank,53.9299,-2.9833,2.5,barswa/XC702809.ogg,13.7665625,GB,EUROPE,barswa/XC702809.npy
barswa,call,56.0561,46.6335,3.0,barswa/XC144039.ogg,67.3175625,RU,EUROPE,barswa/XC144039.npy
barswa,blank,53.7572,9.3777,3.0,barswa/XC746612.ogg,5.067,DE,EUROPE,barswa/XC746612.npy
comsan,call,46.9716,-2.2154,4.5,comsan/XC383203.ogg,32.731,FR,EUROPE,comsan/XC383203.npy
eaywag1,call,46.98,7.038,5.0,eaywag1/XC391297.ogg,8.688,CH,EUROPE,eaywag1/XC391297.npy
eaywag1,call,52.2003,-6.4349,2.0,eaywag1/XC687527.ogg,15.464,IE,EUROPE,eaywag1/XC687527.npy
eaywag1,song,62.1386,16.2416,4.5,eaywag1/XC648772.ogg,56.088,SE,EUROPE,eaywag1/XC648772.npy
comsan,call,51.9612,5.8104,2.0,comsan/XC528482.ogg,18.2335,NL,EUROPE,comsan/XC528482.npy
comsan,call,56.0866,47.2811,4.0,comsan/XC560121.ogg,10.39675,RU,EUROPE,comsan/XC560121.npy
eaywag1,call,39.4699,-8.0305,3.5,eaywag1/XC634278.ogg,26.616,PT,EUROPE,eaywag1/XC634278.npy
comsan,call,34.8941,135.7607,3.0,comsan/XC278603.ogg,6.288,JP,ASIA,comsan/XC278603.npy
barswa,call,45.0855,-108.6649,3.5,barswa/XC377071.ogg,29.448,US,AMERICAS,barswa/XC377071.npy
comsan,blank,59.9674,17.9371,3.0,comsan/XC700421.ogg,7.4449375,SE,EUROPE,comsan/XC700421.npy
eaywag1,blank,51.9138,16.7003,4.0,eaywag1/XC747502.ogg,6.024,PL,EUROPE,eaywag1/XC747502.npy
barswa,song,39.4709,-8.0205,3.5,barswa/XC624409.ogg,10.008,PT,EUROPE,barswa/XC624409.npy
eaywag1,call,51.3436,0.888,2.0,eaywag1/XC581096.ogg,13.27,GB,EUROPE,eaywag1/XC581096.npy
eaywag1,call,53.5337,-1.7832,3.0,eaywag1/XC669616.ogg,8.2808125,GB,EUROPE,eaywag1/XC669616.npy
barswa,song,51.6424,105.5332,3.0,barswa/XC457805.ogg,30.936,RU,EUROPE,barswa/XC457805.npy
comsan,call,43.348,-1.7948,4.0,comsan/XC397386.ogg,30.4065625,ES,EUROPE,comsan/XC397386.npy
comsan,call,48.9823,2.1633,4.0,comsan/XC606348.ogg,15.744,FR,EUROPE,comsan/XC606348.npy
barswa,call,50.738,9.6649,4.5,barswa/XC146746.ogg,21.1591875,DE,EUROPE,barswa/XC146746.npy
eaywag1,call,36.8149,-6.3366,4.0,eaywag1/XC338369.ogg,35.78775,ES,EUROPE,eaywag1/XC338369.npy
barswa,blank,52.3994,-9.784,5.0,barswa/XC749307.ogg,12.826,IE,EUROPE,barswa/XC749307.npy
eaywag1,call,57.743,10.637,4.0,eaywag1/XC574733.ogg,15.336,DK,EUROPE,eaywag1/XC574733.npy
eaywag1,call,52.057,5.3383,1.5,eaywag1/XC434781.ogg,15.672,NL,EUROPE,eaywag1/XC434781.npy
barswa,call,50.1191,18.9721,0.5,barswa/XC592362.ogg,5.064,PL,EUROPE,barswa/XC592362.npy
comsan,call,-26.8613,26.4833,3.0,comsan/XC607031.ogg,6.504,ZA,AFRICA,comsan/XC607031.npy
barswa,song,52.7001,23.8501,5.0,barswa/XC559606.ogg,31.536,PL,EUROPE,barswa/XC559606.npy
barswa,song,51.6424,105.5332,4.0,barswa/XC457806.ogg,13.296,RU,EUROPE,barswa/XC457806.npy
barswa,song,48.2131,-3.0137,5.0,barswa/XC643586.ogg,49.536,FR,EUROPE,barswa/XC643586.npy
barswa,blank,43.5055,11.8707,5.0,barswa/XC733229.ogg,13.104,IT,EUROPE,barswa/XC733229.npy
comsan,call,39.2962,63.7592,3.0,comsan/XC185022.ogg,6.9485625,UZ,ASIA,comsan/XC185022.npy
comsan,call,54.1951,-3.0927,3.0,comsan/XC555206.ogg,6.373,GB,EUROPE,comsan/XC555206.npy
barswa,call,58.7642,23.4461,4.5,barswa/XC651272.ogg,13.08,EE,EUROPE,barswa/XC651272.npy
eaywag1,call,50.0216,8.3922,3.5,eaywag1/XC653983.ogg,176.856,DE,EUROPE,eaywag1/XC653983.npy
barswa,song,51.4812,-9.7785,5.0,barswa/XC687539.ogg,16.483,IE,EUROPE,barswa/XC687539.npy
barswa,call,43.1905,40.385,4.0,barswa/XC193496.ogg,30.929,GE,ASIA,barswa/XC193496.npy
eaywag1,blank,52.2403,4.4718,4.0,eaywag1/XC736804.ogg,33.288,NL,EUROPE,eaywag1/XC736804.npy
comsan,call,51.4309,-2.8518,3.0,comsan/XC586329.ogg,7.026,GB,EUROPE,comsan/XC586329.npy
eaywag1,call,42.965,9.4512,5.0,eaywag1/XC471553.ogg,14.158375,FR,EUROPE,eaywag1/XC471553.npy
eaywag1,blank,45.2679,68.9222,4.0,eaywag1/XC718771.ogg,13.766,KZ,ASIA,eaywag1/XC718771.npy
comsan,call,47.5321,9.7342,3.0,comsan/XC674241.ogg,8.4375625,AT,EUROPE,comsan/XC674241.npy
comsan,call,57.056,-6.3425,5.0,comsan/XC658688.ogg,102.321,GB,EUROPE,comsan/XC658688.npy
comsan,call,61.2885,25.843,4.5,comsan/XC213342.ogg,42.475125,FI,EUROPE,comsan/XC213342.npy
eaywag1,blank,64.5365,17.5095,5.0,eaywag1/XC731030.ogg,47.04,SE,EUROPE,eaywag1/XC731030.npy
comsan,call,48.0374,0.187,5.0,comsan/XC585285.ogg,29.4,FR,EUROPE,comsan/XC585285.npy
barswa,both,36.4172,-6.1459,3.0,barswa/XC361235.ogg,369.031875,ES,EUROPE,barswa/XC361235.npy
eaywag1,blank,37.1357,-7.6138,3.5,eaywag1/XC713138.ogg,48.48,PT,EUROPE,eaywag1/XC713138.npy
barswa,both,36.4172,-6.1459,5.0,barswa/XC361812.ogg,93.0481875,ES,EUROPE,barswa/XC361812.npy
eaywag1,call,36.8149,-6.3366,4.0,eaywag1/XC334147.ogg,90.82775,ES,EUROPE,eaywag1/XC334147.npy
comsan,blank,53.3668,10.6533,4.0,comsan/XC757330.ogg,63.2685625,DE,EUROPE,comsan/XC757330.npy
eaywag1,call,37.0951,-6.0386,3.0,eaywag1/XC284640.ogg,25.3910625,ES,EUROPE,eaywag1/XC284640.npy
comsan,call,-13.101,31.7949,4.0,comsan/XC613127.ogg,41.0645,ZM,AFRICA,comsan/XC613127.npy
comsan,call,44.7973,-0.6094,2.0,comsan/XC668056.ogg,5.459,FR,EUROPE,comsan/XC668056.npy
comsan,call,55.8141,46.9799,5.0,comsan/XC573393.ogg,10.449,RU,EUROPE,comsan/XC573393.npy
barswa,song,52.8858,23.8293,5.0,barswa/XC664995.ogg,78.888,PL,EUROPE,barswa/XC664995.npy
comsan,call,42.3285,2.5512,3.0,comsan/XC590100.ogg,11.598375,ES,EUROPE,comsan/XC590100.npy
eaywag1,song,46.2557,1.3055,0.0,eaywag1/XC473730.ogg,43.049,FR,EUROPE,eaywag1/XC473730.npy
eaywag1,song,46.0192,61.846,5.0,eaywag1/XC184433.ogg,66.795125,KZ,ASIA,eaywag1/XC184433.npy
barswa,call,58.7396,17.8657,5.0,barswa/XC673270.ogg,23.712,SE,EUROPE,barswa/XC673270.npy
comsan,call,51.4522,-9.8189,4.0,comsan/XC667812.ogg,22.7,IE,EUROPE,comsan/XC667812.npy
barswa,call,52.2028,13.093,5.0,barswa/XC645358.ogg,32.256,DE,EUROPE,barswa/XC645358.npy
barswa,blank,31.1741,121.4214,3.5,barswa/XC730443.ogg,18.216,CN,ASIA,barswa/XC730443.npy
barswa,song,53.9299,-2.9833,2.5,barswa/XC690500.ogg,23.51025,GB,EUROPE,barswa/XC690500.npy
barswa,call,46.925,9.9077,2.5,barswa/XC678724.ogg,15.36,AT,EUROPE,barswa/XC678724.npy
barswa,both,50.1022,18.9489,5.0,barswa/XC485999.ogg,10.213875,PL,EUROPE,barswa/XC485999.npy
barswa,call,62.1224,25.6981,5.0,barswa/XC344096.ogg,5.784,FI,EUROPE,barswa/XC344096.npy
barswa,both,37.5823,12.8324,5.0,barswa/XC423687.ogg,42.684,IT,EUROPE,barswa/XC423687.npy
barswa,call,57.02,-6.2922,5.0,barswa/XC671129.ogg,71.915125,GB,EUROPE,barswa/XC671129.npy
barswa,song,52.4666,10.2034,5.0,barswa/XC624636.ogg,29.387,DE,EUROPE,barswa/XC624636.npy
eaywag1,call,69.3585,88.2378,4.0,eaywag1/XC675955.ogg,7.862,RU,EUROPE,eaywag1/XC675955.npy
barswa,song,19.3551,-99.0467,4.5,barswa/XC631960.ogg,26.1224375,MX,AMERICAS,barswa/XC631960.npy
comsan,call,56.1521,47.0073,5.0,comsan/XC497333.ogg,669.2571875,RU,EUROPE,comsan/XC497333.npy
eaywag1,call,44.6457,-1.0307,4.0,eaywag1/XC631051.ogg,21.995,FR,EUROPE,eaywag1/XC631051.npy
barswa,call,51.3052,23.1216,5.0,barswa/XC609237.ogg,20.592,PL,EUROPE,barswa/XC609237.npy
eaywag1,call,44.0471,1.9467,3.0,eaywag1/XC530937.ogg,6.0604375,FR,EUROPE,eaywag1/XC530937.npy
comsan,call,52.269,13.8282,4.0,comsan/XC417694.ogg,12.456,DE,EUROPE,comsan/XC417694.npy
eaywag1,blank,42.5061,-8.7928,4.0,eaywag1/XC717186.ogg,31.451,ES,EUROPE,eaywag1/XC717186.npy
barswa,call,48.0372,-4.8622,4.0,barswa/XC677842.ogg,24.450625,FR,EUROPE,barswa/XC677842.npy
comsan,call,41.2243,1.7254,1.0,comsan/XC549214.ogg,35.657,ES,EUROPE,comsan/XC549214.npy
barswa,song,54.101,13.3918,3.5,barswa/XC595372.ogg,23.736,DE,EUROPE,barswa/XC595372.npy
eaywag1,call,50.8343,-1.2362,1.5,eaywag1/XC596379.ogg,9.351,GB,EUROPE,eaywag1/XC596379.npy
barswa,song,,,3.0,barswa/XC57672.ogg,40.96,UNKNOWN,UNKNOWN,barswa/XC57672.npy
barswa,call,45.5998,-122.6089,2.5,barswa/XC624443.ogg,6.844125,US,AMERICAS,barswa/XC624443.npy
barswa,call,42.7895,-83.1904,4.0,barswa/XC329025.ogg,20.48,US,AMERICAS,barswa/XC329025.npy
barswa,both,-18.0737,-50.1745,5.0,barswa/XC288339.ogg,21.552,BR,AMERICAS,barswa/XC288339.npy
eaywag1,song,39.4715,64.5245,4.5,eaywag1/XC184874.ogg,105.4563125,UZ,ASIA,eaywag1/XC184874.npy
eaywag1,call,47.509,9.6561,3.0,eaywag1/XC648009.ogg,16.1436875,AT,EUROPE,eaywag1/XC648009.npy
barswa,call,51.0383,3.9184,4.0,barswa/XC142633.ogg,44.95675,BE,EUROPE,barswa/XC142633.npy
comsan,song,53.6194,-10.1867,4.0,comsan/XC325200.ogg,11.6245,IE,EUROPE,comsan/XC325200.npy
comsan,call,48.0372,-4.8622,4.0,comsan/XC678535.ogg,16.666125,FR,EUROPE,comsan/XC678535.npy
comsan,call,50.7193,3.2228,1.0,comsan/XC556795.ogg,7.1575625,BE,EUROPE,comsan/XC556795.npy
barswa,song,50.0005,5.2044,5.0,barswa/XC646907.ogg,34.1420625,BE,EUROPE,barswa/XC646907.npy
barswa,call,,,3.0,barswa/XC479167.ogg,51.043,UNKNOWN,UNKNOWN,barswa/XC479167.npy
eaywag1,song,56.0672,26.177,5.0,eaywag1/XC154909.ogg,51.384,LV,EUROPE,eaywag1/XC154909.npy
comsan,call,52.1593,5.3563,3.0,comsan/XC367395.ogg,23.6146875,NL,EUROPE,comsan/XC367395.npy
eaywag1,call,56.1285,47.3607,3.0,eaywag1/XC133264.ogg,5.459625,RU,EUROPE,eaywag1/XC133264.npy
barswa,both,36.4172,-6.1459,3.0,barswa/XC361232.ogg,162.61225,ES,EUROPE,barswa/XC361232.npy
comsan,call,41.2243,1.7254,5.0,comsan/XC642258.ogg,7.288,ES,EUROPE,comsan/XC642258.npy
eaywag1,call,67.4613,78.7087,3.0,eaywag1/XC675723.ogg,83.33,RU,EUROPE,eaywag1/XC675723.npy
barswa,blank,51.6467,16.0796,3.5,barswa/XC743726.ogg,7.08,PL,EUROPE,barswa/XC743726.npy
eaywag1,song,45.5736,9.9089,3.5,eaywag1/XC246749.ogg,74.4,IT,EUROPE,eaywag1/XC246749.npy
barswa,call,52.7828,0.3717,3.5,barswa/XC571315.ogg,52.63675,GB,EUROPE,barswa/XC571315.npy
comsan,blank,54.9378,8.798,3.0,comsan/XC746957.ogg,6.112,DK,EUROPE,comsan/XC746957.npy
comsan,blank,37.0102,-7.9737,5.0,comsan/XC750864.ogg,7.941,PT,EUROPE,comsan/XC750864.npy
eaywag1,song,49.634,26.2213,3.5,eaywag1/XC376342.ogg,65.76,UA,EUROPE,eaywag1/XC376342.npy
barswa,song,49.3597,-1.2466,4.5,barswa/XC468456.ogg,29.727,FR,EUROPE,barswa/XC468456.npy
barswa,call,53.9299,-2.9833,2.5,barswa/XC690491.ogg,20.0881875,GB,EUROPE,barswa/XC690491.npy
barswa,song,54.4943,-6.3824,4.0,barswa/XC191394.ogg,31.164125,GB,EUROPE,barswa/XC191394.npy
comsan,call,42.586,69.2775,3.0,comsan/XC215035.ogg,10.8146875,KZ,ASIA,comsan/XC215035.npy
barswa,call,43.1905,40.385,4.0,barswa/XC193495.ogg,39.68,GE,ASIA,barswa/XC193495.npy
eaywag1,call,43.6146,4.0929,4.0,eaywag1/XC372974.ogg,30.6155,FR,EUROPE,eaywag1/XC372974.npy
eaywag1,call,69.598,18.823,4.0,eaywag1/XC179624.ogg,18.0,NO,EUROPE,eaywag1/XC179624.npy
comsan,call,42.340284,2.48002,3.0,comsan/XC587840.ogg,15.595125,ES,EUROPE,comsan/XC587840.npy
comsan,blank,37.4918,27.5381,4.5,comsan/XC755976.ogg,28.081625,TR,ASIA,comsan/XC755976.npy
comsan,call,52.3857,16.8741,4.0,comsan/XC492978.ogg,20.928,PL,EUROPE,comsan/XC492978.npy
eaywag1,song,54.5592,11.9695,4.0,eaywag1/XC179926.ogg,40.5420625,DK,EUROPE,eaywag1/XC179926.npy
barswa,call,53.6146,-10.1973,5.0,barswa/XC428701.ogg,60.456,IE,EUROPE,barswa/XC428701.npy
eaywag1,blank,49.634,26.2213,5.0,eaywag1/XC725389.ogg,60.696,UA,EUROPE,eaywag1/XC725389.npy
comsan,song,51.6433,105.5224,2.0,comsan/XC455722.ogg,26.208,RU,EUROPE,comsan/XC455722.npy
barswa,call,37.3367,-6.5334,3.0,barswa/XC341167.ogg,10.266125,ES,EUROPE,barswa/XC341167.npy
comsan,call,43.7412,-7.867,5.0,comsan/XC665205.ogg,7.34,ES,EUROPE,comsan/XC665205.npy
eaywag1,call,43.6234,4.2527,4.0,eaywag1/XC365082.ogg,6.452,FR,EUROPE,eaywag1/XC365082.npy
comsan,call,51.4812,-9.7785,2.0,comsan/XC686344.ogg,6.739,IE,EUROPE,comsan/XC686344.npy
comsan,call,41.957,-8.7464,2.0,comsan/XC489016.ogg,8.6726875,PT,EUROPE,comsan/XC489016.npy
barswa,blank,56.6346,9.7837,3.0,barswa/XC747068.ogg,10.135,DK,EUROPE,barswa/XC747068.npy
barswa,blank,30.126,-84.1417,3.0,barswa/XC692427.ogg,17.92,US,AMERICAS,barswa/XC692427.npy
eaywag1,both,45.1563,82.614,4.0,eaywag1/XC616907.ogg,48.4998125,CN,ASIA,eaywag1/XC616907.npy
eaywag1,call,50.7804,3.3496,4.0,eaywag1/XC235503.ogg,9.6,BE,EUROPE,eaywag1/XC235503.npy
barswa,call,53.5342,8.6032,2.0,barswa/XC645088.ogg,10.893,DE,EUROPE,barswa/XC645088.npy
barswa,blank,37.069,-7.7248,3.5,barswa/XC702266.ogg,34.872,PT,EUROPE,barswa/XC702266.npy
comsan,call,48.0372,-4.8622,4.0,comsan/XC677814.ogg,14.419625,FR,EUROPE,comsan/XC677814.npy
eaywag1,call,43.3448,-1.8045,5.0,eaywag1/XC643205.ogg,8.8555,ES,EUROPE,eaywag1/XC643205.npy
eaywag1,call,47.555,-0.541,4.0,eaywag1/XC635441.ogg,11.328,FR,EUROPE,eaywag1/XC635441.npy
barswa,both,56.1559,47.4939,3.0,barswa/XC133096.ogg,11.57225,RU,EUROPE,barswa/XC133096.npy
barswa,both,19.3551,-99.0467,4.0,barswa/XC598594.ogg,36.519,MX,AMERICAS,barswa/XC598594.npy
comsan,call,48.459,-5.1292,4.0,comsan/XC584398.ogg,102.086,FR,EUROPE,comsan/XC584398.npy
comsan,call,53.9299,-2.9833,2.5,comsan/XC501607.ogg,17.6065625,GB,EUROPE,comsan/XC501607.npy
eaywag1,call,42.965,9.4512,5.0,eaywag1/XC471809.ogg,9.404125,FR,EUROPE,eaywag1/XC471809.npy
comsan,call,48.459,-5.1292,4.0,comsan/XC584396.ogg,69.067,FR,EUROPE,comsan/XC584396.npy
eaywag1,call,43.6791,4.628,4.0,eaywag1/XC547918.ogg,8.254,FR,EUROPE,eaywag1/XC547918.npy
barswa,song,49.6975,-1.2651,5.0,barswa/XC560260.ogg,15.62125,FR,EUROPE,barswa/XC560260.npy
eaywag1,call,36.8149,-6.3366,4.0,eaywag1/XC339497.ogg,5.459625,ES,EUROPE,eaywag1/XC339497.npy
eaywag1,blank,49.634,26.2213,5.0,eaywag1/XC725386.ogg,12.648,UA,EUROPE,eaywag1/XC725386.npy
comsan,call,46.0192,61.846,4.0,comsan/XC182757.ogg,21.888,KZ,ASIA,comsan/XC182757.npy
barswa,call,37.1485,-7.5699,5.0,barswa/XC481652.ogg,5.088,PT,EUROPE,barswa/XC481652.npy
barswa,call,58.7711,23.9107,5.0,barswa/XC656535.ogg,15.288,EE,EUROPE,barswa/XC656535.npy
comsan,blank,37.1357,-7.6138,4.5,comsan/XC743065.ogg,21.264,PT,EUROPE,comsan/XC743065.npy
eaywag1,call,69.3253,87.3168,4.0,eaywag1/XC675504.ogg,162.638,RU,EUROPE,eaywag1/XC675504.npy
eaywag1,call,51.3672,5.8406,3.0,eaywag1/XC672590.ogg,10.031,NL,EUROPE,eaywag1/XC672590.npy
barswa,call,-33.4989,26.9301,3.5,barswa/XC349298.ogg,13.8971875,ZA,AFRICA,barswa/XC349298.npy
barswa,song,53.9299,-2.9833,2.5,barswa/XC690493.ogg,64.235125,GB,EUROPE,barswa/XC690493.npy
eaywag1,call,41.4875,2.3653,5.0,eaywag1/XC675876.ogg,11.911875,ES,EUROPE,eaywag1/XC675876.npy
eaywag1,call,59.3901,24.0419,0.0,eaywag1/XC494675.ogg,7.224,EE,EUROPE,eaywag1/XC494675.npy
barswa,call,40.9663,68.7289,4.0,barswa/XC183794.ogg,11.2065625,UZ,ASIA,barswa/XC183794.npy
eaywag1,call,52.7354,-0.6666,4.0,eaywag1/XC492232.ogg,8.019625,GB,EUROPE,eaywag1/XC492232.npy
eaywag1,call,56.2566,12.5237,3.0,eaywag1/XC593974.ogg,11.016,SE,EUROPE,eaywag1/XC593974.npy
barswa,call,43.6108,3.8767,3.0,barswa/XC541924.ogg,28.92,FR,EUROPE,barswa/XC541924.npy
comsan,call,50.7193,3.2228,2.0,comsan/XC556805.ogg,6.609,BE,EUROPE,comsan/XC556805.npy
comsan,call,44.0635,1.9515,2.0,comsan/XC550675.ogg,7.5755,FR,EUROPE,comsan/XC550675.npy
eaywag1,call,69.3585,88.2378,4.0,eaywag1/XC675746.ogg,19.905,RU,EUROPE,eaywag1/XC675746.npy
eaywag1,call,45.0243,34.1899,3.0,eaywag1/XC569651.ogg,18.9126875,UA,EUROPE,eaywag1/XC569651.npy
eaywag1,call,49.634,26.2213,2.5,eaywag1/XC317928.ogg,120.456,UA,EUROPE,eaywag1/XC317928.npy
eaywag1,song,58.3026,26.7361,4.5,eaywag1/XC656456.ogg,152.328,EE,EUROPE,eaywag1/XC656456.npy
comsan,call,59.3794,24.2407,3.0,comsan/XC579372.ogg,7.105,EE,EUROPE,comsan/XC579372.npy
comsan,call,43.7412,-7.867,5.0,comsan/XC644655.ogg,5.9298125,ES,EUROPE,comsan/XC644655.npy
